sample_id,study_id,timepoint,arm,Prevotella,Bifidobacterium,Lactobacillus,Clostridium,Faecalibacterium,Lachnospiraceae_unclassified,Ruminococcus,Dorea,Blautia,Roseburia,Eubacterium,Firmicutes_unclassified,Succinatimonas,Dialister,Coprococcus,Streptococcus,Escherichia,Collinsella,Bacteroides,Megasphaera
ST-20001-PW,PW:1052,19wk,Arm D,22.3361,0.0,0.0,0.8795,13.14456,0.31058,4.77031,1.70555,10.74743,15.65172,3.25653,0.22671,1.29948,0.0,6.6692,0.1401,0.01111,2.10602,0.09063,0.0
ST-20003-PW,PW:1038,19wk,Arm D,4.11762,43.02393,0.34994,3.57784,5.87635,1.30701,3.79919,4.52732,3.44662,3.40687,2.82462,6.50049,2.2705,1.94767,2.67258,1.00313,0.0,3.23846,0.13649,0.91473
ST-20004-PW,PW:1050,19wk,Arm B,29.66624,1.60303,0.76221,0.72602,6.02413,7.25898,1.09645,1.5621,2.35156,6.15159,1.77531,0.15853,0.0,1.44656,1.3644,9.2421,0.13694,0.57811,0.21531,0.03595
ST-20005-PW,PW:1048,19wk,Arm D,2.13265,64.34706,2.73615,1.31018,3.5369,4.66501,1.48085,2.00306,1.11021,1.90643,1.35508,2.38772,0.11963,2.50033,0.45526,0.69887,0.12207,1.15747,0.30834,0.0
ST-20006-PW,PW:1191,19wk,Arm A,27.85284,6.29029,3.31664,2.26162,3.30036,14.91658,1.2642,4.80812,3.06715,7.66686,2.68251,0.31646,7.65252,1.8925,1.44276,1.18685,0.15411,0.60733,0.189,0.13034
ST-20007-PW,PW:1079,19wk,Arm B,1.60689,39.67262,1.44238,6.68893,0.69997,0.02563,9.25487,1.63378,1.74636,0.38432,1.93254,7.68157,0.05838,1.43779,1.71594,0.0,1.23549,3.40951,0.71766,0.86361
ST-20008-PW,PW:1043,19wk,Arm A,15.92815,0.07504,0.65186,1.05061,21.31694,1.48065,0.96888,2.53848,2.31523,3.41257,6.25741,9.57247,0.02468,1.55381,0.87451,8.54088,4.03044,2.3679,0.51814,0.0
ST-20009-PW,PW:1066,19wk,Arm C,58.41711,8.25316,2.88758,1.83021,2.7332,4.58125,0.52877,3.26977,1.30591,3.29354,0.7066,1.69521,1.04439,1.97637,1.22412,0.88949,0.48905,1.45047,0.0,0.10001
ST-20010-PW,PW:1040,19wk,Arm B,1.42037,46.84448,0.67162,5.60438,5.15951,0.12603,2.91124,2.05514,0.91773,0.06914,0.93226,6.87771,0.0,1.40488,1.61543,0.2699,0.0108,10.17955,0.10422,0.57282
ST-20011-PW,PW:1062,19wk,Arm A,45.36851,33.70121,6.91971,0.18002,1.93304,1.80986,0.10869,1.57747,0.82142,0.86816,0.49611,0.01999,0.64061,2.27192,0.75697,0.09005,0.50529,0.90553,0.04463,0.15354
ST-20012-PW,PW:1065,19wk,Arm D,0.28615,54.15454,5.51927,0.27578,6.52066,6.45529,1.65193,3.66072,1.55588,8.16123,1.12472,0.0365,0.0,0.0,1.28371,0.33077,0.0,2.4104,0.00641,0.0
ST-20013-PW,PW:1049,19wk,Arm C,25.0931,17.71036,0.3743,1.15605,6.15756,3.34869,7.93781,2.29802,2.07669,8.90834,2.32865,2.50847,1.42111,3.38533,0.8622,2.66663,0.29342,0.51348,1.77734,0.0
ST-20014-PW,PW:1098,19wk,Arm B,1.48774,34.92132,1.05719,2.63045,14.62374,1.77953,0.68735,7.48522,2.65614,2.31621,1.84605,1.80606,0.0,0.07444,2.25111,0.18046,0.40193,4.44662,0.9623,0.16918
ST-20015-PW,PW:1142,19wk,Arm B,32.8921,1.30409,30.9623,2.48062,3.15945,7.36288,0.07359,3.97639,1.18879,2.53579,3.48909,0.12405,0.0,1.93969,2.29646,1.25834,0.0,0.24413,0.06191,0.0
ST-20016-PW,PW:1218,19wk,Arm D,40.05215,10.01635,12.28249,3.58769,1.43604,1.60898,0.1234,2.04748,1.76006,4.36701,1.07831,0.06786,0.08356,0.26182,0.74118,1.95049,1.49409,0.75326,0.5367,6.77528
ST-20017-PW,PW:1096,19wk,Arm D,2.96766,40.45773,0.79903,0.25083,21.18405,0.5648,0.0,4.72423,2.83002,3.9842,2.89023,1.84684,0.0,0.88292,1.20859,0.03701,4.51095,5.05216,0.05848,0.0
ST-20018-PW,PW:1092,19wk,Arm C,25.00867,27.96264,13.6966,0.6138,1.24525,3.5116,3.52866,2.58997,2.30968,2.2173,1.43204,0.03077,0.0,0.7396,0.27884,0.5691,0.7909,0.22289,1.61203,9.37545
ST-20019-PW,PW:1197,19wk,Arm D,38.78961,4.74128,0.17252,16.56843,2.33627,4.79351,2.28021,4.8028,3.05525,4.94461,0.75501,1.3126,1.5355,1.47582,0.7891,0.01583,0.0,0.12587,0.07399,0.03675
ST-20020-PW,PW:1061,19wk,Arm C,36.09938,20.89376,1.96386,0.59381,3.93765,1.7793,0.14937,2.98379,3.39768,2.69743,0.53618,0.18402,3.33061,8.74879,0.68341,2.01179,0.39368,3.79976,0.25308,0.62758
ST-20021-PW,PW:1085,19wk,Arm A,28.64586,30.85592,0.41586,2.75064,4.22111,3.56444,1.00122,2.50014,1.39883,3.73499,0.46511,0.10829,0.00392,3.21964,0.41189,1.24565,0.11555,1.17954,0.02381,0.30371
ST-20022-PW,PW:1064,19wk,Arm D,50.37959,3.57515,0.0,1.25014,9.63766,4.52501,0.0,7.11213,3.4662,5.42617,1.65804,0.01991,0.50343,4.03709,2.38699,0.41367,0.0,1.81457,0.37647,0.0
ST-20023-PW,PW:1072,19wk,Arm C,30.0391,19.35294,0.0,8.53851,2.57858,0.57673,6.78969,2.87791,3.13734,1.14497,0.03294,0.0,2.96532,1.72045,0.0,0.772,5.0464,0.63615,0.0,1.29814
ST-20025-PW,PW:1063,19wk,Arm A,15.96347,0.9491,0.04743,2.30598,7.54248,2.03936,3.55523,2.17565,6.34217,3.49605,1.38425,12.29127,3.65844,1.0338,3.26142,0.10567,7.82839,1.07883,1.67873,0.0
ST-20026-PW,PW:1315,19wk,Arm D,37.50622,3.49397,2.81489,6.64754,4.29085,2.44607,2.87966,2.0711,2.71439,3.15147,1.70413,2.25971,17.05036,1.51646,1.48642,0.52991,0.17617,0.25897,1.26636,2.71661
ST-20027-PW,PW:1310,19wk,Arm D,3.20493,6.3383,0.0199,19.81346,3.79637,1.33418,11.30858,3.09461,2.69473,0.65347,1.48386,5.04969,6.64756,1.6826,1.33058,0.02192,0.01311,0.40667,1.51887,0.57757
ST-20028-PW,PW:1175,19wk,Arm D,16.8947,9.35384,0.3999,8.54665,3.6965,1.44852,6.34951,4.49621,5.46093,2.63995,1.89892,1.68587,15.47115,2.27916,2.42527,0.12778,0.76231,0.92095,0.00316,3.28291
ST-20029-PW,PW:1071,19wk,Arm B,29.51914,20.81774,0.28723,20.89589,5.53039,0.15987,4.18949,0.75245,1.59,0.28449,2.39996,0.27939,0.0,0.0,1.66164,0.14319,0.16863,0.22236,0.17523,0.35725
ST-20030-PW,PW:1084,19wk,Arm C,2.5413,59.03357,11.43281,1.68127,3.21112,1.9235,2.98718,3.30728,1.51787,0.39577,0.91588,1.36775,0.16354,0.93447,1.23554,0.91511,0.30663,1.53005,0.05215,0.37736
ST-20031-PW,PW:1114,19wk,Arm B,18.6575,34.19229,3.81686,1.08064,5.46295,6.62728,3.10566,1.92721,1.68129,1.40918,1.58854,6.48683,0.0,0.0,0.83986,0.20818,0.64692,1.29067,3.25205,0.0
ST-20032-PW,PW:1102,19wk,Arm C,40.48912,10.41956,2.77556,0.38662,5.82406,9.90747,0.0,1.55983,3.16275,2.09078,1.54602,0.16198,0.0,0.9113,8.58165,2.7452,2.6304,1.09784,0.0,0.0
ST-20033-PW,PW:1200,19wk,Arm C,52.29592,2.77626,1.27222,6.27374,2.1756,0.8556,3.58903,3.36503,2.82809,1.99904,1.51455,0.3795,5.32616,0.96595,1.44155,2.24182,0.40526,0.23085,0.47123,0.24265
ST-20035-PW,PW:1234,19wk,Arm B,55.142,3.95348,0.06763,2.35291,2.31704,8.04869,0.0,3.89172,3.7474,3.29343,0.91661,0.02213,0.07259,2.82294,0.75577,0.0,0.0,0.21585,0.70411,0.04787
ST-20036-PW,PW:1059,19wk,Arm B,1.26995,5.42615,0.75659,3.32749,7.38418,10.92358,3.84608,13.05719,9.31869,4.63406,4.66471,9.7274,0.02506,0.07546,6.16352,1.69891,0.05717,2.70956,0.11297,0.0
ST-20037-PW,PW:1171,19wk,Arm D,26.42813,18.37241,6.07025,4.02745,2.45277,3.04416,2.38909,2.83251,1.66554,1.30885,1.77866,0.95833,9.64194,1.52641,0.6877,0.72534,0.30858,0.50073,0.13734,6.05291
ST-20039-PW,PW:1103,19wk,Arm C,7.12342,7.4154,0.0,2.82949,4.53714,0.95729,3.88914,5.38384,2.99595,0.77812,1.75959,11.77576,5.23959,1.72543,3.98996,0.0,1.63461,1.2067,1.40248,0.0
ST-20040-PW,PW:1112,19wk,Arm C,19.70697,2.75158,0.14921,11.50111,5.20289,1.82101,3.51984,2.65511,2.382,3.09697,1.71541,15.54736,0.32919,3.42121,1.06315,0.0,1.32871,1.56546,2.34531,2.86782
ST-20041-PW,PW:1516,19wk,Arm D,21.44398,13.96959,6.87823,0.11306,3.15727,5.10879,8.69943,3.95707,3.1943,4.73484,6.20023,0.31592,0.62625,1.90992,0.49953,0.37913,1.11634,1.96832,5.11939,0.82878
ST-20043-PW,PW:1100,19wk,Arm B,46.69774,10.23538,0.52566,2.42062,4.74375,0.25686,0.25136,1.48386,5.73175,6.96084,2.31387,0.51703,0.90992,1.99443,1.1535,0.45075,1.98133,1.44203,0.51731,0.27949
ST-20045-PW,PW:1133,19wk,Arm A,1.49568,0.0,0.0,3.29257,4.75611,0.56768,7.12499,2.70339,40.47367,5.29761,2.00751,5.83227,0.0,0.0,9.7612,0.15598,0.0,0.14481,0.99378,0.0
ST-20046-PW,PW:1152,19wk,Arm C,30.36386,14.11908,0.0,0.28545,8.4987,4.2624,3.04454,3.52689,4.65816,0.70978,0.91849,1.2581,0.0,2.57408,4.55601,0.0,0.40906,1.40731,0.62269,6.71732
ST-20047-PW,PW:1182,19wk,Arm C,53.66972,12.89569,0.17976,1.18212,5.23807,3.37341,0.0839,3.20184,2.46958,6.9953,0.94976,0.14148,0.0,1.46577,1.88595,0.00792,0.0,1.84754,0.0,0.47929
ST-20048-PW,PW:1108,19wk,Arm A,0.06227,18.49322,6.57643,8.60581,8.04316,7.53438,1.22454,2.3539,3.93175,5.63347,4.85632,6.29385,0.0,0.6749,1.87891,0.06902,0.27619,1.62591,2.55918,0.0
ST-20049-PW,PW:1075,19wk,Arm D,48.54398,5.38636,3.28449,2.71186,3.26755,2.79256,0.9247,3.50881,2.75692,0.86193,3.19828,7.2008,0.0,0.26509,2.08277,0.01047,0.39513,0.62484,0.05634,0.0
ST-20050-PW,PW:1090,19wk,Arm B,60.46759,2.20838,5.24318,3.33603,2.10867,1.62584,0.09383,3.27634,2.9534,5.22474,2.93787,0.06749,0.0,0.40043,1.0877,0.54919,0.3983,0.41567,0.12732,0.04542
ST-20051-PW,PW:1188,19wk,Arm B,18.42128,2.4926,0.0,1.04856,8.18049,1.3685,6.71403,2.68905,3.41872,1.81679,1.70503,6.96874,0.21807,4.50854,1.26379,0.72437,17.77216,2.50733,3.69369,0.4824
ST-20052-PW,PW:1113,19wk,Arm D,53.39297,2.20442,0.86827,5.09124,2.04535,1.31747,0.75897,1.42775,3.80261,4.1518,0.651,0.07826,10.11184,0.94871,0.27894,0.16888,0.23998,0.11651,1.18931,0.24172
ST-20053-PW,PW:1120,19wk,Arm B,23.87932,24.93416,0.45906,1.94972,3.49417,1.71296,2.56156,4.19978,2.26958,4.29044,3.23025,0.23412,8.23874,2.09661,3.25597,1.03063,0.0,0.63762,0.03574,0.40686
ST-20054-PW,PW:1058,19wk,Arm A,52.2664,4.52469,6.52818,0.64925,1.2066,4.08833,0.0,2.01439,0.65749,7.40455,2.11314,0.0,4.99816,1.24771,0.42476,0.30318,0.0,0.16326,0.0,4.87346
ST-20055-PW,PW:1093,19wk,Arm A,5.94472,0.95181,0.00041,15.3161,2.87044,0.28212,1.78929,5.6059,14.99057,1.06112,10.63262,2.38176,1.2457,3.30525,4.64282,0.20571,4.90594,1.21753,0.31012,3.24124
ST-20056-PW,PW:1227,19wk,Arm B,2.74872,12.03581,0.14082,2.54833,4.51698,19.60876,9.88719,3.88131,5.69604,9.3365,6.88339,0.9681,1.0382,1.87166,1.89213,0.68087,3.12791,2.62549,1.22323,0.0
ST-20057-PW,PW:1068,19wk,Arm D,4.3511,4.24392,0.0,2.36947,8.7419,0.94465,5.38619,3.30548,5.14709,4.95065,1.72006,8.39771,0.0,2.81459,1.53024,0.0,7.02904,3.24213,0.59657,0.0
ST-20058-PW,PW:1127,19wk,Arm D,42.60897,4.16581,2.94199,3.27049,4.15565,4.6589,1.03632,2.92718,1.87489,6.09894,1.68091,2.42016,2.82423,3.08614,0.8707,0.01441,1.18558,0.4875,0.90635,5.19847
ST-20059-PW,PW:1155,19wk,Arm D,23.87234,16.62088,0.14541,1.00705,8.39942,6.20902,0.23818,3.01086,9.30595,6.42015,0.60634,1.57964,1.93959,2.64144,0.82992,0.27893,6.10177,2.21227,0.8317,1.52857
ST-20061-PW,PW:1224,19wk,Arm C,46.94146,16.70206,2.41514,2.12551,2.09299,2.95912,1.29645,1.21882,2.54215,4.46787,1.24771,0.72406,0.52181,0.0,2.13192,0.80689,0.00796,0.33036,0.22001,0.0
ST-20062-PW,PW:1165,19wk,Arm C,3.03469,13.97498,0.0,6.87992,7.54285,0.60259,1.86466,4.87438,3.85001,1.66929,3.16376,7.29191,0.47668,7.70092,3.77245,0.00778,9.62129,3.06093,3.54111,0.54264
ST-20063-PW,PW:1179,19wk,Arm C,22.445,11.0365,0.0,7.22832,5.61228,0.2164,4.90068,5.13701,9.5561,11.47993,7.49535,1.68003,0.0,1.61107,1.74866,0.13619,0.25383,1.75409,0.14093,0.0
ST-20064-PW,PW:1157,19wk,Arm D,41.65827,15.20028,0.42634,5.07991,6.86913,0.15139,2.37354,0.94197,7.08708,5.69608,1.02655,0.85361,3.23546,1.17144,0.73161,0.42616,0.0,0.69121,1.20352,0.0
ST-20065-PW,PW:1095,19wk,Arm D,31.31136,12.17405,24.18606,7.51864,1.37232,5.10491,2.42512,1.63042,0.80333,1.93343,1.24139,0.06506,0.0,0.71028,1.54916,1.08095,0.0,0.08979,0.43534,0.01684
ST-20066-PW,PW:1267,19wk,Arm C,11.9287,8.38458,0.0,10.29056,1.85424,6.19447,7.34563,4.24266,4.41668,3.39938,5.06031,8.30388,0.0,2.00149,1.25213,0.15178,0.05964,0.1455,0.011,1.14417
ST-20067-PW,PW:1327,19wk,Arm C,49.34251,2.54415,7.28961,3.23718,2.98084,2.3339,0.23611,4.80471,4.00438,6.17982,4.07633,0.20965,0.0,0.62048,1.48654,0.54631,0.55348,0.53395,0.18931,0.07285
ST-20068-PW,PW:1134,19wk,Arm D,22.32061,22.57367,5.47352,4.23765,6.65793,6.99211,1.28736,1.9141,1.81643,2.13019,0.84263,2.35047,1.20046,1.0879,2.28689,0.02703,0.0,2.29223,0.00621,1.4794
ST-20069-PW,PW:1159,19wk,Arm C,10.81075,0.35844,0.0,9.86394,9.05466,0.18314,10.41098,3.93926,3.14248,0.485,2.25297,9.27493,2.07505,2.66377,2.95234,0.03147,0.02619,1.01979,17.13259,0.0
ST-20070-PW,PW:1141,19wk,Arm D,48.48558,24.01629,0.15876,0.71654,1.95497,4.21357,0.81901,2.66125,3.47498,2.68511,0.33294,0.10479,0.37618,1.44179,0.84635,1.65426,0.03824,2.17909,0.0,0.16694
ST-20071-PW,PW:1145,19wk,Arm C,2.44577,17.23595,14.04216,12.99046,0.97191,1.81586,2.94231,2.62306,9.02421,0.22963,4.71231,3.56651,0.02818,1.50277,1.3436,0.19606,1.62704,1.01518,8.02534,0.3417
ST-20072-PW,PW:1163,19wk,Arm B,54.84478,16.53117,2.1557,2.38626,3.4254,2.48996,0.66287,0.81391,0.4551,1.58146,0.27478,0.56503,0.09107,1.65941,0.37256,1.41606,1.55732,0.49173,0.70786,1.36606
ST-20073-PW,PW:1082,19wk,Arm A,29.79623,0.09686,0.0362,5.30567,2.29524,0.9421,0.21728,1.53407,0.5729,4.58776,6.46896,1.26512,33.14877,0.17062,1.066,0.00964,0.0,0.14413,5.22562,0.6226
ST-20074-PW,PW:1189,19wk,Arm C,69.02723,7.0857,8.33234,1.87652,1.59609,1.10869,0.0,1.13832,1.02305,2.10723,0.04879,0.01035,2.81242,1.08822,0.24782,0.0,0.0,0.82404,0.06031,0.10839
ST-20075-PW,PW:1181,19wk,Arm A,51.21313,2.21213,1.00846,0.13508,4.46957,1.97441,2.45057,2.67117,2.15268,1.79201,1.96619,1.1139,0.0,7.83201,1.3497,0.14229,0.1896,0.95407,1.82987,1.02942
ST-20076-PW,PW:1136,19wk,Arm A,1.72717,23.03491,0.57478,1.34904,3.57153,2.195,8.34671,5.72061,9.13233,2.68676,4.39195,4.58146,0.59927,2.94634,2.12828,0.19214,1.96714,2.91632,2.24149,1.72235
ST-20077-PW,PW:1056,19wk,Arm B,41.81438,8.0636,1.91848,2.22064,3.24384,2.32614,2.08196,5.462,5.20966,4.77299,3.06421,1.71031,4.82899,0.94011,1.36277,0.36603,2.11781,0.2361,0.0,0.01372
ST-20078-PW,PW:1164,19wk,Arm A,6.03179,46.84281,1.8446,2.59779,3.61763,0.07923,5.31003,1.83062,2.11874,0.68902,1.6006,8.77976,0.16309,4.80184,0.75324,0.34492,0.04598,4.37027,0.3936,2.03989
ST-20079-PW,PW:1241,19wk,Arm D,1.93086,29.61608,30.01949,2.27171,4.43292,3.41006,4.76853,3.84687,1.96371,0.1093,0.10259,0.21241,0.14219,3.09872,0.77879,0.52527,0.64064,4.24585,1.77184,0.57094
ST-20080-PW,PW:1265,19wk,Arm A,6.11478,3.22156,1.59067,2.32389,6.54065,5.59042,18.91526,6.37357,11.74644,4.07646,6.48771,1.84664,0.0,1.14145,1.2725,0.16233,0.00797,0.77709,10.40348,0.0
ST-20081-PW,PW:1186,19wk,Arm C,9.21065,4.72549,1.69979,23.11505,5.06778,1.87429,8.956,4.06407,4.01093,0.49124,2.40574,4.56057,3.219,1.68609,1.28488,0.00122,0.11153,0.76231,0.78377,0.5275
ST-20082-PW,PW:1193,19wk,Arm B,16.22168,27.81128,0.03113,1.51747,3.38294,0.69124,3.60208,2.70322,3.23135,0.96101,2.73699,10.58863,0.0,4.03034,1.43232,0.06669,0.10856,1.09427,3.65683,0.9179
ST-20083-PW,PW:1216,19wk,Arm C,1.60277,5.51231,0.0,8.46982,7.07319,0.10358,4.89387,1.56814,3.82297,4.44042,2.12692,4.4138,0.0,0.0,6.64516,0.0,0.29016,0.70167,14.2003,0.0
ST-20084-PW,PW:1045,19wk,Arm D,14.57306,2.58119,0.03785,9.37856,2.574,14.90977,2.01972,3.73971,2.75214,5.12186,10.71692,3.43964,0.30346,1.13318,0.82211,0.0537,0.01882,0.49041,0.88111,0.12453
ST-20085-PW,PW:1078,19wk,Arm B,34.03274,16.16207,18.3638,3.01268,2.31968,4.59338,1.04087,2.65057,1.2095,1.21466,1.56452,0.40126,0.02996,0.08118,2.242,0.11273,0.02133,0.7248,0.09434,0.58561
ST-20086-PW,PW:1262,19wk,Arm C,3.33812,4.03092,0.53269,14.49071,1.95959,0.45725,16.69708,0.78374,2.44165,0.79521,8.18981,7.9396,0.57341,0.94672,1.08399,0.0,0.43652,2.54431,8.21957,0.33238
ST-20087-PW,PW:1271,19wk,Arm D,62.46012,3.46033,0.98869,1.80809,4.53221,5.23548,0.89603,1.51493,2.08836,1.3391,4.16716,1.64283,0.0,1.83727,1.14108,0.73116,0.27018,0.11782,0.62986,0.03139
ST-20088-PW,PW:1213,19wk,Arm B,21.37649,9.41916,0.0,9.64289,3.02556,2.23632,0.92077,6.77276,3.82604,2.9313,5.74808,2.25177,0.26677,1.41963,2.87401,5.34824,0.0,1.10457,3.63861,0.0
ST-20090-PW,PW:1321,19wk,Arm D,27.60552,8.93053,3.03906,2.78849,5.78589,2.3471,2.76405,7.27247,5.8432,1.28666,3.31789,2.20227,0.01601,4.33886,1.83581,0.07825,0.29813,1.83492,2.57742,0.16216
ST-20091-PW,PW:1371,19wk,Arm D,46.11323,17.00612,5.69362,0.79002,0.49552,0.09506,0.00723,0.90472,0.8875,0.34187,0.22567,0.0,6.35657,3.79013,0.05758,1.1369,0.34681,1.88022,0.02151,8.51441
ST-20092-PW,PW:1185,19wk,Arm D,28.0898,4.75202,0.08073,5.89013,1.97261,9.05137,2.05509,4.48058,2.94896,12.61023,2.05507,1.41858,2.58339,0.88434,2.79804,1.85052,0.96973,0.38292,0.11051,0.0
ST-20093-PW,PW:1411,19wk,Arm A,21.23834,23.28794,6.46136,4.05195,4.63503,1.91069,2.78265,4.53383,3.54582,1.51204,3.43044,0.53174,1.16282,5.25958,1.85629,1.81327,1.05061,0.59502,0.0,0.84268
ST-20094-PW,PW:1359,19wk,Arm B,15.75514,8.07137,7.76096,13.79224,7.10464,1.71535,4.23222,3.4147,6.43692,5.32899,1.3193,0.79616,2.6135,2.34333,0.94763,1.53127,0.71315,0.82297,1.38062,0.79446
ST-20095-PW,PW:1357,19wk,Arm D,18.01457,3.28906,1.39497,3.22433,11.57445,2.42077,6.5442,8.72326,4.20327,6.71765,6.78563,2.40416,2.41175,2.52699,1.45324,0.28874,7.13929,0.9736,0.50437,0.06367
ST-20096-PW,PW:1342,19wk,Arm D,17.04186,5.92508,24.92376,1.58558,4.29863,20.14159,0.98878,4.41362,1.88604,2.24514,2.95695,1.21255,0.0,1.70826,2.05244,0.57753,0.87702,0.80312,0.88351,0.15939
ST-20097-PW,PW:1459,19wk,Arm C,9.78521,22.74577,1.28392,5.50885,11.09385,0.21321,4.28776,6.79738,2.12369,0.32355,2.34948,7.48105,0.00914,0.24733,2.79578,0.13488,0.89442,0.68847,0.01783,0.0
ST-20098-PW,PW:1414,19wk,Arm D,16.29751,0.93377,0.25521,4.60533,3.52748,0.95257,10.02572,3.27476,2.94994,11.96912,0.74919,0.4423,2.76796,1.22608,1.16591,0.1794,28.70971,0.72685,0.2829,0.10298
ST-20099-PW,PW:1435,19wk,Arm B,7.08793,6.1637,1.36067,10.2577,2.52217,0.44071,27.96661,9.95671,3.67351,0.68979,1.2955,5.72031,0.02603,1.15325,2.5162,0.10842,0.76222,2.53176,0.46305,0.13089
ST-20100-PW,PW:1380,19wk,Arm D,1.73993,62.6594,1.05283,2.21594,1.15051,1.33063,3.32674,3.89318,2.33073,0.31767,1.67869,3.13161,0.05074,1.87477,1.78283,0.19574,0.02915,1.54412,0.49879,1.50109
ST-20101-PW,PW:1503,19wk,Arm C,27.71628,21.83733,0.76275,4.79166,4.54484,0.56144,1.99853,6.19984,3.06391,6.69522,3.08636,2.10444,0.0,0.13863,2.88308,0.03934,0.03956,1.04676,0.55147,0.0
ST-20102-PW,PW:1502,19wk,Arm D,39.16464,5.27001,9.65306,4.29467,4.36222,3.01366,0.42541,3.70791,1.77637,6.13707,2.04183,0.14219,0.10519,1.40604,1.33179,3.98638,1.91454,0.91541,0.01808,0.8756
ST-20103-PW,PW:1514,19wk,Arm B,10.47811,18.52849,1.32007,6.84507,5.20004,1.80254,15.65232,2.30889,1.93975,1.5511,2.9677,6.25631,0.41132,3.25871,1.48426,0.0,0.0,3.11145,3.10382,0.21958
ST-20104-PW,PW:1409,19wk,Arm C,41.355,4.55781,1.31525,1.34397,4.71036,3.13355,1.23445,5.16171,8.26663,6.74025,3.13372,0.05926,1.24601,2.60692,1.30679,2.82907,0.57041,1.10051,0.0728,0.40541
ST-20105-PW,PW:1507,19wk,Arm A,9.29677,17.92905,5.99447,3.97039,2.95176,17.45547,4.59117,3.47682,4.13033,2.64551,1.78402,4.13819,2.3642,2.66625,1.00796,0.19699,0.02563,1.33251,0.44855,0.17564
ST-20106-PW,PW:1443,19wk,Arm B,42.01969,6.7168,5.26353,3.31973,3.444,3.58181,3.19071,2.26694,3.49374,1.96063,2.11909,0.26109,4.65374,1.38391,1.57641,0.94131,0.02934,0.44036,0.03395,0.08305
ST-20107-PW,PW:1511,19wk,Arm D,39.46378,7.06266,1.1705,5.35428,3.66966,6.2892,4.50833,3.45697,2.04496,2.43584,1.45114,2.56231,4.1112,0.00854,3.97788,4.28762,0.40992,0.81115,0.14274,0.07301
ST-20108-PW,PW:1577,19wk,Arm D,6.71605,51.56998,8.50235,2.78644,1.41375,1.33113,3.63595,3.57853,1.30642,1.28125,4.30643,3.46825,0.0,1.55624,1.39471,0.22059,0.35687,0.55941,0.1377,0.30274
ST-20109-PW,PW:1458,19wk,Arm D,33.19274,19.85905,3.59162,0.32907,3.25182,12.13499,0.15675,3.87665,1.89245,2.65597,2.42833,0.86836,0.0,0.01799,1.01844,0.04435,0.41729,2.85684,2.5714,0.16321
ST-20110-PW,PW:1081,19wk,Arm D,16.93816,9.34111,2.65865,2.26329,4.01505,0.24437,11.19862,3.59979,4.24491,2.81882,2.90351,0.97977,6.33858,0.00145,2.03458,17.8275,0.15202,0.98526,1.40594,0.74208
ST-20111-PW,PW:1495,19wk,Arm A,9.72735,7.45524,0.24078,7.12347,6.13788,3.27622,18.93431,6.89422,1.76092,1.68612,5.66696,2.52554,1.52046,6.00919,2.26696,0.0919,0.02586,1.89739,1.7158,1.01106
ST-20112-PW,PW:1593,19wk,Arm C,1.5935,4.10869,0.12544,10.49588,4.83658,0.18962,19.41505,5.51455,6.76074,0.70611,4.54713,5.57313,0.26341,2.53504,2.74278,0.03015,11.58592,1.36432,0.04399,2.54498
ST-20113-PW,PW:1504,19wk,Arm D,7.95014,1.85846,2.75021,2.89761,8.85022,2.4551,1.58414,7.59681,3.55779,6.10049,4.55811,0.83366,0.0,3.19716,3.50751,9.88397,1.3496,0.34191,0.01789,1.51631
ST-20114-PW,PW:1515,19wk,Arm B,22.7259,26.60269,0.52838,2.84214,3.0318,11.04621,0.59302,3.04143,1.05508,6.06414,0.5948,0.3552,0.0,1.8281,1.67187,0.37866,8.4729,1.78795,1.06307,0.18391
ST-20115-PW,PW:1592,19wk,Arm A,4.94197,12.35637,0.07823,5.03962,5.82722,5.48554,8.79408,7.20279,8.53197,1.09682,6.56496,2.46216,0.0,2.52181,2.79903,0.0,8.77228,1.80679,0.32753,2.53612
ST-20116-PW,PW:1512,19wk,Arm A,50.80327,4.33623,0.74763,7.02009,2.38396,1.45264,1.75868,4.59726,3.86932,2.02875,2.20798,1.66927,1.4201,2.26773,0.78476,0.35251,0.21835,0.80269,1.1039,0.45061
ST-20117-PW,PW:1492,19wk,Arm C,20.66479,9.26911,1.13927,1.91105,9.41748,7.10975,9.16702,5.79228,4.42254,3.60482,3.49235,1.91204,0.0,2.81888,4.79135,1.7597,0.14528,2.49484,0.28018,0.0
ST-20118-PW,PW:1496,19wk,Arm B,34.76694,22.80725,12.96418,0.28087,2.78684,2.15527,0.0618,1.46994,1.15579,1.85436,0.75441,0.02917,0.0,3.24829,0.41061,0.82788,0.0,1.80672,0.00686,9.69136
ST-20119-PW,PW:1506,19wk,Arm C,36.30399,3.15821,9.73279,3.75908,3.82824,1.79018,4.99908,4.04257,3.97991,7.8912,3.08909,0.42709,0.0,0.7993,1.43345,2.42997,2.05332,1.4214,0.48922,0.0562
ST-20120-PW,PW:1500,19wk,Arm D,38.39271,18.44999,3.83842,1.0463,5.06366,1.89119,1.87632,4.39387,0.78555,2.12822,1.01138,0.13362,0.87437,1.92736,1.40232,4.57313,0.29352,1.72436,0.00078,1.14441
ST-20121-PW,PW:1508,19wk,Arm C,50.10609,16.47375,7.77376,0.63473,2.06574,3.92277,1.15919,1.36854,1.90006,1.01317,1.23313,0.17581,0.0,3.19189,0.40857,0.05593,0.56468,1.79053,0.19624,1.72291
ST-20122-PW,PW:1570,19wk,Arm B,30.6655,0.04087,0.0,2.40557,4.9127,11.90279,0.0,1.42393,6.9925,2.42502,5.13282,0.14865,0.11403,0.84017,0.8176,9.61872,6.99278,0.26024,0.14272,0.0
ST-20123-PW,PW:1463,19wk,Arm A,9.63955,12.28733,2.37854,2.19655,6.90483,7.85575,6.71576,4.61919,3.50176,1.58622,15.73683,4.40249,0.31977,4.6141,1.3437,0.15084,1.35713,2.35978,0.94378,0.41784
ST-20124-PW,PW:1526,19wk,Arm A,36.68189,12.26252,2.56447,8.06737,3.43491,4.12321,4.38828,2.20932,2.79008,3.24923,1.48089,0.79313,3.15505,3.66674,1.15562,0.14121,0.43006,1.12391,0.82496,0.98127
ST-20125-PW,PW:1524,19wk,Arm B,18.68462,9.29429,4.67582,7.83061,4.02205,18.07716,2.81048,3.57608,4.87123,4.76701,3.99128,1.51906,2.87456,1.36766,1.3175,0.04535,0.12374,0.75408,0.50718,0.0
ST-20126-PW,PW:1517,19wk,Arm A,2.55302,23.20906,4.25842,5.41033,5.102,3.53448,1.89628,2.91454,1.82018,2.38173,3.85983,6.79943,1.66264,6.34259,1.74758,0.44355,2.04854,1.80496,5.27744,0.88498
ST-20127-PW,PW:1538,19wk,Arm D,18.72189,0.12399,1.37284,0.47312,4.72644,17.8262,2.43031,7.28263,4.9748,7.15754,2.5893,0.20377,1.37497,2.20129,2.82467,0.84106,0.63371,0.78742,0.88572,0.0
ST-20128-PW,PW:1528,19wk,Arm D,7.51015,30.02103,4.18326,5.27525,4.20116,2.34426,4.56233,4.99155,4.6491,0.61128,2.9888,5.93939,2.93261,3.64639,1.49535,0.0713,0.01945,1.75466,0.74798,1.06369
ST-20129-PW,PW:1582,19wk,Arm A,23.83091,11.47078,0.87366,4.26694,9.65637,8.919,2.17771,2.5888,2.81497,6.27364,2.66563,1.03603,0.0,3.00457,5.53845,2.05434,0.93019,0.7296,0.96278,1.68076
ST-20130-PW,PW:1585,19wk,Arm D,35.78108,2.49507,6.07529,1.35937,4.06706,1.47562,3.73113,5.04345,3.35412,4.51557,2.77443,0.77821,10.94885,7.11922,1.32308,0.10989,0.77972,0.29549,0.48547,0.81533
ST-20131-PW,PW:1525,19wk,Arm B,41.61072,13.964,1.25921,8.30895,3.23923,2.66563,5.91799,2.68308,4.17618,2.6963,2.28926,0.21253,0.24976,0.63261,0.64389,0.21775,0.23134,0.25501,0.0783,2.43799
ST-20132-PW,PW:1596,19wk,Arm C,3.01829,19.97697,0.43058,6.23899,2.17722,1.16921,6.9333,9.2359,3.76459,0.20887,0.67215,4.45445,0.0,5.1568,7.0357,0.00434,0.02156,1.19152,0.91955,0.01895
ST-20133-PW,PW:1523,19wk,Arm D,28.02851,6.9213,3.58745,6.06525,6.93001,5.1968,3.57983,3.47555,3.43196,8.16186,4.5469,1.20745,1.0115,0.23158,1.71187,0.07155,0.18366,0.25835,0.4927,0.0
ST-20134-PW,PW:1487,19wk,Arm B,43.63554,13.3965,3.18472,2.41877,2.61894,1.97926,0.45537,2.29779,1.1729,5.70901,1.15483,0.14506,6.53605,1.66569,0.96261,1.3657,0.24625,0.69556,0.0266,5.11684
ST-20135-PW,PW:1599,19wk,Arm B,6.1993,23.14737,2.48458,3.72659,4.2711,2.47856,3.79089,2.23136,4.55624,1.28923,3.71686,10.23277,11.66969,2.72236,1.9029,0.05153,0.20403,1.84234,0.06006,8.74277
ST-20136-PW,PW:1614,19wk,Arm A,26.13892,27.07113,35.71031,1.65787,0.4589,0.69903,0.22511,0.57817,0.2212,0.4581,0.30561,0.00308,0.0,0.84181,0.0517,0.18538,1.21886,0.05969,0.0028,0.69633
ST-20137-PW,PW:1636,19wk,Arm C,11.56922,16.49555,21.05839,0.83996,8.3861,1.31686,0.9027,8.62028,2.51271,1.94656,4.5324,1.39187,2.8225,3.75154,1.73552,0.04123,1.72598,1.03514,0.19153,0.82781
ST-20138-PW,PW:1635,19wk,Arm A,35.25561,16.26231,4.53908,2.38794,4.51254,0.70661,1.39456,2.93741,5.26926,6.93842,4.17944,2.79877,1.47944,2.32069,1.02547,1.68283,0.36015,1.16014,0.47682,0.31198
ST-20139-PW,PW:1621,19wk,Arm D,0.56505,28.06973,4.93271,4.01173,5.46871,8.84006,6.74549,8.00317,6.30081,1.50006,5.83214,2.03741,0.00879,0.13196,3.43925,0.27649,0.0,5.47641,0.02441,0.0
ST-20140-PW,PW:1625,19wk,Arm A,9.71156,0.5542,0.53587,14.5705,5.94371,0.12906,5.85877,3.51713,8.18419,4.23815,2.82893,4.01092,4.61337,1.87137,1.32724,0.03566,0.14301,0.84249,1.26787,0.0
ST-20141-PW,PW:1622,19wk,Arm B,3.16092,10.46122,3.92509,24.86056,2.07551,0.43359,6.83171,3.71453,3.13264,1.00294,2.52304,7.34071,8.56169,0.61124,0.9458,0.07284,0.23652,0.65665,0.25172,0.15958
ST-20142-PW,PW:1581,19wk,Arm A,36.18533,15.53293,4.93013,2.92357,3.36401,2.09854,3.36536,1.62887,2.3237,2.29949,2.02223,3.43921,0.00121,3.59227,0.97788,0.96151,0.0925,0.61671,1.75011,1.30019
ST-20143-PW,PW:1565,19wk,Arm C,13.10057,20.75493,34.81627,2.41063,3.34921,1.6847,1.36337,2.91638,1.76819,2.69482,1.03024,0.01396,0.42988,1.15531,0.25445,0.25667,0.07595,0.93756,0.15899,9.10879
ST-20144-PW,PW:1539,19wk,Arm C,2.27845,3.69278,2.26069,4.16394,8.43911,6.2104,17.342,9.95747,10.50311,10.50785,5.98181,3.98546,0.0,0.15802,1.89724,1.3098,0.04881,3.65337,0.24869,0.0
ST-20145-PW,PW:1567,19wk,Arm D,26.72063,8.10571,0.0,15.07329,3.77055,0.80379,4.45632,7.61054,8.64174,0.69934,3.95595,5.73012,0.71291,0.99342,2.56821,0.07679,0.09714,0.3479,1.04321,0.0
ST-20147-PW,PW:1572,19wk,Arm B,34.10208,33.77453,5.13215,3.38845,1.96315,3.28502,1.95447,2.44782,1.27819,2.4633,1.45385,0.49135,0.0,1.71199,0.2778,0.50787,0.12874,0.63884,0.15856,0.36143
ST-20148-PW,PW:1578,19wk,Arm C,2.72343,9.5497,1.77805,15.47323,4.08651,4.13856,6.90733,6.36124,6.21366,0.59722,3.55683,4.04319,2.78909,0.13823,1.23722,0.0,2.64833,2.76503,3.6088,0.15317
ST-20150-PW,PW:1654,19wk,Arm A,0.81847,31.98313,1.35649,3.13835,6.0861,0.76302,10.80824,5.80068,5.41662,0.75498,4.58216,4.27059,0.0,0.03891,4.80484,0.59146,0.52752,1.9238,3.29834,0.32004
ST-20151-PW,PW:1649,19wk,Arm C,6.95004,11.41684,0.16623,1.43535,7.0987,16.74858,0.02166,7.01213,7.66291,3.92754,4.04182,1.41865,0.08465,2.98393,4.92483,9.28089,3.56009,1.37054,0.41998,0.97975
ST-20152-PW,PW:1662,19wk,Arm A,10.03071,24.75306,2.60377,5.35154,3.67157,13.47029,0.30698,6.70591,8.50119,1.36088,1.77664,4.64196,0.0,1.70514,1.64051,0.36257,0.63051,1.76202,0.81002,0.5769
ST-20153-PW,PW:1661,19wk,Arm B,45.27028,11.46077,10.5615,5.05908,3.48401,3.78217,0.68412,2.31447,1.39378,2.18649,3.32235,2.29412,0.65669,0.32727,3.00373,0.03901,0.06333,0.67014,0.30325,0.0254
ST-20155-PW,PW:1629,19wk,Arm C,1.83903,15.65434,4.97247,13.34005,7.88071,2.57225,2.21271,8.97595,4.89727,7.08282,4.50047,2.25669,0.57132,0.0,3.25573,0.16334,0.0,2.11005,0.0126,0.0
ST-20157-PW,PW:1667,19wk,Arm C,7.92888,20.50258,2.94992,10.9213,3.29682,1.21178,9.31516,2.59889,4.46334,0.1817,3.105,5.29856,1.96819,1.92982,0.87378,0.92948,0.71437,1.62172,5.70491,0.74403
ST-20158-PW,PW:1660,19wk,Arm D,0.0,5.83698,15.09725,0.07224,0.0,0.0,0.0,0.0,0.0,0.0,0.0,0.0,0.0,0.0,0.0,9.2458,24.34465,0.19698,0.1828,0.0
ST-20159-PW,PW:1709,19wk,Arm C,33.75451,13.97126,0.98307,21.79042,2.70475,3.63268,1.16462,3.10378,1.355,2.05881,1.32391,2.49265,0.8353,2.10387,1.18319,0.08312,0.00771,0.40263,0.29712,0.78811
ST-20160-PW,PW:1762,32wk,Arm A,9.47103,2.82563,2.14188,5.74245,12.87716,16.45105,2.67068,6.76339,2.69473,7.65212,7.4538,0.79719,0.15176,5.32515,2.27896,0.32466,0.0,1.59492,1.29579,0.11736
ST-20162-PW,PW:1643,19wk,Arm A,31.67607,19.27845,4.65378,7.18844,1.78439,12.73225,1.61974,2.97394,1.55192,2.6285,0.79105,0.04618,0.06897,0.0236,1.66421,0.67355,0.08366,0.61867,0.11794,5.00653
ST-20166-PW,PW:1708,19wk,Arm A,1.72996,54.04283,1.51046,1.14925,7.30323,10.56285,2.1334,1.94623,3.64671,3.19454,1.7766,1.36559,0.0,0.59579,1.02995,0.9898,2.48438,0.24002,1.05618,0.0
ST-20167-PW,PW:1723,19wk,Arm C,58.30513,2.37726,2.20542,1.23138,2.19786,4.93318,0.22916,1.56976,2.72457,0.73164,0.62902,0.04285,6.55196,1.10229,0.42461,8.54663,0.60649,0.85422,0.37327,0.49631
ST-20168-PW,PW:1640,19wk,Arm D,15.89153,16.03166,3.66063,7.94206,4.64215,12.82557,2.52093,4.01974,2.91603,6.6492,3.5458,1.01588,0.88734,1.40132,2.94603,2.9981,0.0158,0.78682,0.61458,0.42492
ST-20171-PW,PW:1786,19wk,Arm C,38.08193,9.9903,18.80778,1.78466,4.82717,4.10692,1.6652,1.81593,0.66269,2.31455,1.49526,0.18144,2.4963,4.49831,1.4569,0.57517,0.11906,0.90895,0.02685,0.24408
ST-20173-PW,PW:1658,19wk,Arm B,61.84245,7.43588,1.61954,0.52884,4.93396,3.24698,1.41927,2.1233,1.21179,3.61715,1.62462,0.04848,0.37141,0.80268,0.95602,2.02848,0.0,0.28315,0.0,0.32275
ST-20174-PW,PW:1651,19wk,Arm D,32.98365,6.10314,5.63856,0.79554,3.17377,1.11026,3.09544,3.09514,2.23068,8.51144,2.3329,1.1773,11.83355,3.29887,0.95845,0.34161,0.42429,1.16312,1.02768,1.92756
ST-20176-PW,PW:1744,19wk,Arm C,2.89508,38.94268,17.12052,1.36931,3.90419,1.09636,1.65999,2.52898,1.57184,4.33863,3.28733,0.93644,0.0,3.81061,8.59526,1.218,0.01722,0.88239,0.64245,0.06125
ST-20177-PW,PW:1749,19wk,Arm B,26.58131,19.73457,7.06761,0.85084,3.10356,1.43446,1.84867,5.07063,2.61478,1.48467,3.82312,0.4705,9.86126,3.00691,0.73599,0.75696,0.0,1.77851,0.6096,0.3754
ST-20178-PW,PW:1641,19wk,Arm C,25.70387,26.38958,2.39425,2.13793,4.99683,5.51712,6.83968,2.31991,3.31604,4.94136,1.45565,0.69248,0.38684,3.71563,1.27287,0.36632,0.05177,2.12131,0.65661,0.40208
ST-20181-PW,PW:1763,19wk,Arm B,57.28684,10.69516,6.52043,0.94316,2.03524,0.13743,0.3477,2.13982,0.8198,2.32658,1.65008,0.14193,6.1061,4.32436,0.42026,0.07649,0.25274,0.87787,0.03418,0.71513
ST-20182-PW,PW:1717,19wk,Arm D,37.8724,22.90733,5.26074,0.51047,6.6807,4.21574,1.1403,2.57331,1.59041,0.37176,1.73249,1.2156,1.7749,2.8334,0.69172,0.39198,0.4649,1.15673,0.7882,3.52401
ST-20183-PW,PW:1716,19wk,Arm B,50.84349,12.15614,4.67599,0.93271,4.03004,9.65547,1.12283,1.61445,1.23133,1.29806,2.19669,1.32981,0.0,2.13883,0.43028,0.06142,0.06519,0.35264,0.12467,1.28973
ST-20184-PW,PW:1740,32wk,Arm B,0.40345,18.32596,6.21297,1.57198,4.88753,7.63985,6.46273,7.86349,10.4132,4.78193,10.49651,3.26847,0.0,0.0006,7.30508,0.17664,0.01266,0.81802,1.6737,0.0
ST-20185-PW,PW:1725,19wk,Arm B,69.83944,4.20583,4.09679,1.12397,1.57073,1.18014,0.32334,1.47565,0.8735,4.43151,0.7551,2.16343,0.07143,2.32554,0.46835,0.35933,0.10912,0.53811,0.05525,0.41275
ST-20186-PW,PW:1823,19wk,Arm A,40.50361,1.58887,0.0,0.9123,4.69742,2.47388,8.02422,5.33078,5.46518,1.47761,2.64772,3.05151,9.50292,2.10274,2.49155,0.86006,0.0,0.08673,0.40242,0.0
ST-20187-PW,PW:1683,19wk,Arm C,2.15271,39.32498,6.88711,1.4855,9.44536,1.47475,0.44365,8.53319,6.71284,4.50254,4.57029,0.14377,0.2793,5.60924,1.89901,0.32334,0.2447,1.03245,0.02721,0.08075
ST-20189-PW,PW:1756,19wk,Arm B,21.82304,6.34928,0.9774,2.44396,5.69664,10.75626,1.66488,3.82953,3.00573,10.90095,11.48781,1.68927,0.0,0.49321,1.73984,0.70434,0.45901,1.96981,0.59723,0.0
ST-20190-PW,PW:1777,19wk,Arm A,16.96815,55.71695,6.02195,0.0,4.67398,4.06667,1.29958,3.15621,0.66193,0.45787,1.13235,0.1561,0.0,1.04921,1.3787,0.02329,0.0,1.80733,0.0,0.0
ST-20192-PW,PW:1735,32wk,Arm C,41.85074,3.06169,0.04407,6.07412,2.78844,0.80865,2.09619,2.69681,4.85892,4.30057,4.44198,0.4498,9.88039,1.96852,0.90689,3.21864,0.0576,0.36664,0.69617,1.17329
ST-20193-PW,PW:1726,32wk,Arm C,8.48132,15.05914,11.20729,1.3014,4.94192,5.21303,1.90767,3.92163,5.8671,1.92974,7.00236,0.50736,0.9268,3.6983,1.37279,3.82104,7.32102,1.36629,0.35354,0.0
ST-20194-PW,PW:1779,19wk,Arm B,14.42486,39.61774,7.02063,1.95389,2.96744,11.6308,0.17254,5.57288,4.06801,0.89365,1.16846,0.0476,0.54081,2.02204,1.31693,2.31744,0.0089,1.00512,0.08746,0.23536
ST-20196-PW,PW:1855,19wk,Arm A,3.22805,35.47128,3.02753,4.74607,2.64331,3.7903,8.62514,4.13999,1.94725,1.18667,2.4926,5.75093,0.0,1.46811,1.39127,0.0381,0.30409,0.46633,2.6064,0.5264
ST-20197-PW,PW:1790,32wk,Arm C,49.2147,17.51379,12.1053,1.29118,2.1483,0.56141,0.25805,2.2114,1.04803,1.32944,0.66112,0.03549,5.75719,0.63508,0.80038,0.0,0.04729,0.84415,0.02996,0.61427
ST-20198-PW,PW:1771,19wk,Arm A,6.91368,27.8186,20.40509,2.63877,2.89601,2.64013,0.47045,7.5499,3.20321,3.21695,1.051,0.00254,2.0152,2.25648,0.30395,3.87258,1.95102,2.48415,0.0,0.54012
ST-20199-PW,PW:1906,32wk,Arm D,0.00045,4.33861,8.74316,5.83963,10.7027,0.53364,22.6049,1.83165,3.95658,11.52949,2.50739,4.06726,0.0,2.43686,2.42341,0.42446,0.02052,1.09914,3.38652,0.0
ST-20200-PW,PW:1909,19wk,Arm A,15.1599,19.74572,12.51675,15.36019,5.04844,2.09366,1.78033,1.83704,2.00022,2.88045,0.88116,3.33148,2.8421,1.78467,0.62957,0.81147,0.04861,0.9932,0.17421,1.39421
ST-20201-PW,PW:1764,19wk,Arm A,45.36052,13.92137,0.0,0.0,15.47314,4.86413,2.51324,1.16063,1.83589,0.25213,0.13206,0.96226,0.59336,4.04916,0.49418,0.20701,0.0,2.34896,0.0575,0.0
ST-20202-PW,PW:1849,19wk,Arm A,35.0593,2.67187,0.29613,5.45768,1.97984,21.99572,1.06965,4.49967,2.85394,8.37991,1.72981,3.95422,0.0,0.47459,1.19753,0.11888,0.0115,0.15016,4.82019,0.0
ST-20203-PW,PW:1804,19wk,Arm D,23.35132,54.04531,0.0,0.0,2.0274,0.0,0.0,0.0,0.0,0.0,0.0,0.0,0.0,0.0,0.0,0.0,0.0,0.0,0.0,0.0
ST-20204-PW,PW:1770,19wk,Arm C,3.97332,61.86854,1.68907,0.37752,2.69571,1.14467,2.7182,6.111,4.65097,2.16458,3.9554,0.17304,0.0,0.0,2.07766,0.15981,0.0,2.11687,0.11474,0.25731
ST-20205-PW,PW:1873,32wk,Arm C,24.37989,8.7103,1.48693,12.60441,3.1282,0.00348,1.95648,3.86547,2.68374,11.75251,3.42416,1.46373,10.45121,1.73873,0.4734,0.67828,0.09056,0.40668,0.4686,0.87471
ST-20206-PW,PW:1650,19wk,Arm A,21.83561,7.88433,8.45855,0.48984,4.33431,2.03305,5.79087,2.62219,0.79618,4.59885,2.17187,1.75,16.5294,4.21293,0.75784,0.10552,0.56487,1.45999,1.5436,2.48319
ST-20207-PW,PW:1808,19wk,Arm B,17.27698,6.57969,0.7241,5.63762,5.50726,1.2218,3.25286,4.93129,2.79791,0.81504,4.72566,6.94043,1.39996,12.14733,1.67474,0.3917,0.31737,0.59153,0.27813,0.73167
ST-20208-PW,PW:1893,32wk,Arm A,56.26587,0.0,0.0,0.0,11.1947,0.66562,0.99698,0.47639,6.74883,3.13394,3.67795,0.0,0.14164,0.0,1.29493,0.69071,4.64362,0.80562,1.96676,0.0
ST-20209-PW,PW:1788,19wk,Arm A,7.87014,20.90867,0.0,0.55432,6.15519,0.36658,2.19504,2.2091,2.34137,0.54489,0.50289,0.47645,0.40912,3.47531,0.87221,26.54412,1.27374,3.13046,0.06846,6.415
ST-20210-PW,PW:1876,19wk,Arm A,0.0,0.0,0.0,0.0,0.0,0.0,0.0,0.0,0.0,0.0,0.0,0.0,0.0,0.0,0.0,0.0,0.0,0.0,0.0,0.0
ST-20211-PW,PW:1822,19wk,Arm B,2.05918,36.08514,0.09835,4.37778,1.28534,0.1659,5.10374,0.94168,0.1021,0.26783,0.10121,16.52364,0.0,2.3523,0.45021,0.0,0.05381,0.79556,0.0124,0.2429
ST-20212-PW,PW:1801,19wk,Arm B,36.67586,43.67248,2.18435,0.0,0.85197,0.0,0.0,0.0,0.0,0.0,0.0,0.0,0.0,1.69701,0.0,0.0,0.0,0.0,0.0,10.42634
ST-20213-PW,PW:1907,32wk,Arm B,26.29923,0.03067,0.0,10.69721,6.15621,0.44356,4.49153,3.45836,5.89433,8.07816,3.71761,1.8732,0.0,0.31223,5.85816,2.16803,0.10204,1.16591,1.14466,0.0
ST-20214-PW,PW:1904,19wk,Arm B,5.10949,25.65233,0.26068,9.96439,3.35935,5.70269,3.30952,4.38252,4.51594,1.78672,1.89038,5.89019,0.05188,2.64985,0.45114,0.1003,3.69703,0.48712,5.55492,0.8377
ST-20215-PW,PW:1852,19wk,Arm A,0.18719,1.49267,0.09355,52.48012,1.22985,5.38984,9.57396,0.59909,0.25351,1.75415,2.48899,0.09569,0.0,0.03994,0.00119,0.40927,0.42598,0.16161,12.04834,0.0
ST-20216-PW,PW:1874,32wk,Arm B,0.0,0.0,0.0,0.0,0.0,0.0,0.0,0.0,0.0,0.0,0.0,0.0,0.0,0.0,0.0,0.0,0.0,0.0,0.0,0.0
ST-20217-PW,PW:1890,19wk,Arm A,47.73723,13.06976,2.71961,1.71366,1.77948,8.07696,0.77957,1.48121,0.82409,1.76546,0.19761,0.55218,0.85196,1.82099,0.73879,7.8683,0.80197,1.64713,0.24309,1.28979
ST-20218-PW,PW:1902,19wk,Arm A,11.34045,72.31594,4.32714,0.13503,0.61598,0.1403,0.10562,0.07298,0.0,0.12945,0.0,0.0,0.0,1.07637,0.01847,2.82747,0.0,2.32969,0.0,1.47462
ST-20219-PW,PW:1899,19wk,Arm A,10.56415,13.99562,0.92339,6.4787,7.41926,0.15085,6.33332,9.33677,7.37676,1.93778,7.32347,4.07647,0.39056,4.81619,3.17814,0.11674,0.09705,0.99897,0.66715,1.77817
ST-20220-PW,PW:1809,32wk,Arm A,50.76686,5.38369,0.16867,0.86602,3.62289,1.52752,2.33587,1.66316,4.90829,8.34417,0.55013,4.24006,1.43767,4.52523,1.60953,0.0333,0.03051,0.7455,1.74431,0.18867
ST-30001-PW,PW:1191,32wk,Arm A,34.93664,5.71303,0.35205,1.61631,11.83797,1.027,6.88322,1.03108,1.64163,1.02406,2.55967,2.55822,0.53533,3.61278,0.40695,1.11291,2.13555,0.45262,3.30768,0.116
ST-30002-PW,PW:1052,32wk,Arm D,3.55091,0.4703,0.0532,0.32843,8.15833,0.08504,0.36469,5.0731,6.85942,33.78331,2.68465,11.09633,0.11305,0.0,5.19568,1.95916,2.24144,0.94483,0.30488,0.0
ST-30003-PW,PW:1050,32wk,Arm B,40.30129,5.47644,2.09363,2.22552,3.60343,3.26652,4.54175,2.75597,2.68954,7.50232,2.28403,0.75616,1.55281,2.23559,0.86682,4.02356,1.12673,1.40273,1.03051,0.6863
ST-30004-PW,PW:1048,32wk,Arm D,15.13786,34.69896,0.84347,7.3568,3.57186,8.58274,2.13478,2.17285,2.19886,2.56951,1.38642,1.13853,2.25365,1.71468,2.68409,2.23781,0.29128,1.35496,0.44811,0.0
ST-30005-PW,PW:1066,32wk,Arm C,47.72958,12.76355,1.46609,1.49368,3.76863,4.83108,0.02061,3.60781,1.81514,8.89765,1.25179,0.05862,0.0,1.99827,0.9347,0.5371,1.82542,0.81343,0.00987,0.0
ST-30006-PW,PW:1079,32wk,Arm B,16.48582,43.85081,1.32805,5.14973,3.43348,2.35238,2.21461,3.0247,0.98865,0.49227,0.71128,2.97716,0.0,3.77987,1.07833,0.01027,0.22774,0.74209,0.47934,5.44146
ST-30007-PW,PW:1043,32wk,Arm A,19.15208,20.24284,0.35681,1.00713,4.85025,5.28446,5.13708,4.42744,5.35577,2.36347,1.29008,1.19243,0.31125,2.33778,3.51253,1.46596,3.18046,3.59189,4.19706,0.0
ST-30008-PW,PW:1040,32wk,Arm B,1.46261,15.4039,0.45706,13.88225,3.40138,0.17349,11.61205,3.48009,2.15616,0.72831,2.17793,9.23509,0.0,0.83218,1.56074,0.00132,5.17048,2.21271,5.99622,0.24985
ST-30009-PW,PW:1049,32wk,Arm C,27.10208,27.53592,10.88417,0.74666,3.37586,2.69117,6.62598,1.76006,2.33659,5.78092,1.0826,0.67088,0.0,1.15551,0.96452,0.6712,0.38075,1.26981,0.61273,0.0
ST-30010-PW,PW:1141,32wk,Arm D,6.73264,10.48684,0.03749,4.31438,7.73843,10.83213,9.58529,9.46461,12.87779,0.75887,1.40651,2.10996,0.0,2.10547,2.19838,0.92169,6.71007,2.25482,0.00997,0.07882
ST-30011-PW,PW:1065,32wk,Arm D,2.68716,45.98306,40.39429,0.0,0.6473,0.55798,0.0,1.29661,0.29533,0.01698,0.10681,0.0,0.0,0.0,0.01414,0.09514,0.0,2.61969,0.0,0.0
ST-30012-PW,PW:1142,32wk,Arm B,39.36823,0.83163,3.10074,2.86839,2.18543,13.53804,0.19704,4.2442,0.82749,7.09993,3.3766,0.11377,0.0,3.8311,1.97197,0.79281,0.03286,0.2255,0.05253,0.0
ST-30013-PW,PW:1171,32wk,Arm D,10.46028,21.83626,6.40722,8.91522,3.79649,2.8231,2.96632,3.55456,1.91893,0.63812,3.93695,2.11271,0.01113,1.93352,0.65939,0.00178,0.3,0.393,5.93931,2.99672
ST-30014-PW,PW:1096,32wk,Arm D,33.17407,32.6472,0.05042,0.36237,0.97883,0.91942,0.02179,0.76545,2.22732,0.39443,0.97791,0.00471,0.5713,1.19099,0.38689,6.90623,9.46303,0.79918,0.01787,0.0
ST-30015-PW,PW:1062,32wk,Arm A,75.44596,2.26523,1.02279,0.06143,0.04455,0.10979,0.0,0.66068,0.98033,0.0,0.01958,0.0,15.89097,1.73012,0.0,0.00082,0.48083,0.19468,0.01173,0.24767
ST-30016-PW,PW:1218,32wk,Arm D,71.56144,6.02284,5.33193,1.40215,0.53606,1.00733,0.00063,0.50546,0.53651,0.83001,0.62389,0.0,0.26851,0.02967,0.10055,0.59588,0.03824,0.15476,0.13347,2.89119
ST-30017-PW,PW:1038,32wk,Arm D,26.52746,23.06929,1.22801,2.91,3.10594,1.39561,6.90547,2.33394,1.2447,2.4514,2.41713,4.06462,7.58673,2.63222,0.41376,0.03673,0.07123,1.36557,1.05409,1.23988
ST-30018-PW,PW:1068,32wk,Arm D,11.7519,8.59873,0.0,2.3559,7.53384,9.75645,2.07696,5.72472,9.2483,6.20019,4.09513,0.79491,0.05626,3.37573,4.23215,0.03071,1.6915,0.67986,0.40441,0.0
ST-30019-PW,PW:1155,32wk,Arm D,0.64,10.98578,7.62924,1.04148,6.38038,0.01253,0.0,1.79073,15.1043,0.02554,1.62202,0.0,0.0,0.0,0.01978,10.40606,22.19146,0.35512,2.00042,0.0
ST-30020-PW,PW:1085,32wk,Arm A,67.76588,12.8106,2.40753,1.46597,1.92787,0.88193,0.30526,0.9735,0.71863,1.562,0.19561,0.02332,0.94036,2.38204,0.11024,0.04534,2.89068,0.57857,0.03952,0.55025
ST-30021-PW,PW:1197,32wk,Arm D,48.88537,12.56875,9.67577,1.7886,2.54293,1.99734,0.28795,2.74027,1.85532,2.28051,0.79407,0.18399,2.27004,2.04307,0.72233,0.8814,0.36704,0.5339,0.12944,0.18353
ST-30022-PW,PW:1092,32wk,Arm C,6.6873,42.48046,45.4831,0.59488,0.00562,0.00918,0.0,0.21865,0.43735,0.00819,0.0,0.0,0.0,0.16019,0.00345,0.50262,1.29702,0.43941,0.62729,0.0
ST-30023-PW,PW:1098,32wk,Arm B,15.92883,27.03263,24.7998,7.14978,1.38268,1.06384,0.0546,1.05332,0.79577,1.32607,0.39301,0.1413,2.34935,0.91857,0.70591,4.91632,1.82081,1.81396,0.11887,1.73847
ST-30024-PW,PW:1072,32wk,Arm C,22.41791,6.7745,0.0,13.05103,3.45926,0.17729,2.61478,7.56484,5.32458,0.15282,2.61372,6.47101,0.0,2.80268,1.79699,0.0,0.09977,0.25358,1.05115,0.68933
ST-30025-PW,PW:1084,32wk,Arm C,19.63463,47.86356,14.13375,0.8727,2.94809,0.51861,1.80848,1.62631,0.50811,0.66984,1.03959,0.29843,0.0,1.13958,0.26411,0.36079,0.88483,1.09334,0.03709,0.0
ST-30026-PW,PW:1136,32wk,Arm A,23.13111,7.21021,0.71858,1.8282,3.63924,4.03932,7.4012,2.34058,5.40802,5.90828,2.00877,3.5813,1.61087,5.2109,1.47624,0.43252,10.44108,1.33485,1.74258,1.2019
ST-30028-PW,PW:1064,32wk,Arm D,2.86638,16.83797,0.64571,2.6215,4.44076,0.23267,1.04535,3.84672,4.4876,7.43272,3.29169,4.46942,3.70332,0.0,2.22887,0.16024,5.44507,3.11353,10.71967,0.0
ST-30029-PW,PW:1061,32wk,Arm C,58.10072,1.25977,1.87549,1.97248,1.2733,8.28645,0.0,4.70324,2.76004,3.29364,0.21653,0.0,5.00068,2.23373,0.08062,0.05568,0.38235,2.0791,1.13352,0.15863
ST-30030-PW,PW:1093,32wk,Arm A,9.89485,10.21885,31.47074,0.87982,2.60099,2.65363,1.29808,7.04868,2.68287,2.30772,9.0977,1.19218,0.15026,3.03937,2.62225,0.07588,0.28289,2.89762,0.19885,1.87895
ST-30031-PW,PW:1315,32wk,Arm D,18.5902,4.68833,1.698,18.64841,1.73834,1.13728,8.9364,3.47802,6.47516,1.47776,3.00475,3.28097,9.03625,1.359,2.43443,2.69577,0.47661,0.58659,1.99749,2.65488
ST-30032-PW,PW:1071,32wk,Arm B,14.19485,19.01852,4.5396,13.38147,3.81818,7.95171,2.58749,3.37669,2.54488,1.24654,1.30089,0.8874,1.25573,2.644,1.20176,0.31353,0.11398,0.97547,0.14638,1.19964
ST-30033-PW,PW:1114,32wk,Arm B,8.84343,39.71797,11.00767,1.10492,2.61984,4.13654,0.0868,2.96642,2.59823,6.16752,2.795,1.53284,0.0,0.0,0.67661,3.81719,0.22384,2.00662,0.06253,0.0
ST-30034-PW,PW:1102,32wk,Arm C,21.73434,28.07947,15.98223,0.31397,5.34369,4.06523,0.65751,2.06717,1.14953,3.74074,1.61126,0.37446,0.0,0.0,1.45765,4.41643,0.6358,3.03868,0.00318,0.0
ST-30035-PW,PW:1063,32wk,Arm A,46.87769,0.0,0.00641,1.07714,7.88379,9.65539,1.10175,1.48881,6.19743,4.19793,3.48915,1.06758,1.00476,0.18779,1.9664,0.10378,0.72923,1.97387,0.71669,0.0
ST-30036-PW,PW:1103,32wk,Arm C,9.41333,12.64793,0.49036,3.9412,8.16732,1.39075,4.51615,8.53075,4.1437,11.40528,6.5026,4.36908,0.0,2.23103,7.3109,0.34481,0.01052,1.63026,0.09005,0.0
ST-30037-PW,PW:1112,32wk,Arm C,38.97101,9.52812,2.75136,1.82395,6.11637,4.79754,3.47544,5.19835,2.15401,4.07927,1.37909,3.80317,0.0,3.41567,0.72601,0.08872,0.0,3.01816,1.06054,0.0
ST-30038-PW,PW:1108,32wk,Arm A,0.07668,16.95722,3.67105,8.55803,8.26829,2.60704,0.61691,2.57283,0.89053,3.04194,8.05438,3.8028,0.0,0.89287,2.64615,0.08656,3.8396,1.00474,10.06596,0.0
ST-30039-PW,PW:1152,32wk,Arm C,31.64916,13.66693,3.00801,1.577,7.6156,9.24984,1.8835,2.95621,3.42354,4.0897,1.09972,0.70334,0.0,2.37685,1.04958,0.7688,0.06567,2.00411,0.42647,7.0657
ST-30040-PW,PW:1234,32wk,Arm B,43.16436,2.92465,0.75324,4.72419,2.06035,2.15601,2.35428,2.60503,5.35795,7.2711,0.5362,0.06507,1.05126,1.17922,0.82207,0.01368,0.0,0.50118,0.59864,0.30011
ST-30041-PW,PW:1516,32wk,Arm D,18.92654,17.22904,2.33138,0.29508,2.92881,2.53469,2.14924,2.69516,3.99365,1.34436,1.98475,0.15318,28.24371,1.16839,0.60773,0.09338,1.1888,1.09868,2.19084,0.22717
ST-30042-PW,PW:1113,32wk,Arm D,56.93492,0.0,0.0,1.00629,0.47886,0.14139,0.09549,0.81461,1.17336,0.75642,0.37526,0.00497,29.71264,0.3821,0.19104,1.06038,0.0,0.1536,1.06841,0.07408
ST-30043-PW,PW:1200,32wk,Arm C,38.20707,5.74268,22.00103,2.65913,2.34958,2.0609,1.21275,3.10007,1.74033,2.71291,0.33647,0.41289,3.29076,1.21769,0.73173,2.57892,0.53125,0.19417,0.79233,0.6949
ST-30045-PW,PW:1175,32wk,Arm D,48.76682,9.50793,0.3248,7.88003,1.99274,0.81703,2.00882,1.89133,1.93598,2.25528,2.37358,1.10835,8.0534,1.70243,0.6325,0.27837,0.0,0.1944,0.27165,1.52038
ST-30046-PW,PW:1310,32wk,Arm D,17.70264,5.89564,0.7691,5.37878,1.85715,4.30052,8.28208,1.19044,1.55255,2.69095,1.78477,2.86764,7.04646,1.96782,0.45553,0.3731,0.15624,0.16135,1.13546,0.77353
ST-30047-PW,PW:1059,32wk,Arm B,16.08439,9.33158,0.24246,0.25097,16.56661,0.61426,4.52426,1.60503,4.32775,1.27066,3.09371,3.30286,0.0,0.00205,3.51385,3.9066,0.87026,0.18928,2.39601,0.00219
ST-30048-PW,PW:1090,32wk,Arm B,55.78013,12.27674,8.35472,0.19865,2.64102,0.66795,0.01806,3.3647,2.34057,3.78557,2.45813,0.04727,0.0,0.18404,0.89008,0.12284,0.70115,0.34151,0.03709,0.0
ST-30049-PW,PW:1100,32wk,Arm B,18.55561,19.74285,6.23509,1.68207,7.75718,0.82526,3.63477,3.3912,5.51506,3.33945,2.7669,3.58443,0.81401,2.90414,1.68063,2.06032,1.49653,1.81229,3.58051,0.89257
ST-30050-PW,PW:1182,32wk,Arm C,43.74845,6.22892,12.31829,0.95854,5.42207,8.26892,0.25624,2.67931,2.43645,6.91172,1.11248,0.06729,0.0,2.46302,0.4681,0.61331,0.57678,2.1501,0.0,0.47386
ST-30051-PW,PW:1075,32wk,Arm D,39.98612,9.28572,0.9167,11.34111,2.77284,1.11783,2.14659,4.41215,3.46331,2.1358,2.86368,0.71629,0.0,1.37925,0.73406,0.0,0.28042,0.78897,3.0803,3.42576
ST-30052-PW,PW:1120,32wk,Arm B,48.98752,27.0989,3.50765,0.13447,2.93212,0.37215,0.13245,2.12419,1.70546,1.05969,0.9517,0.06178,1.00245,2.91461,0.34862,0.77616,0.07647,1.57213,0.01888,1.05111
ST-30053-PW,PW:1133,32wk,Arm A,1.69076,0.17051,0.0,1.2253,15.2196,3.74879,29.73427,1.26803,25.34474,5.67142,2.43801,2.54619,0.0,0.0,3.17759,0.1744,0.02431,0.12296,0.75528,0.0
ST-30054-PW,PW:1157,32wk,Arm D,42.44223,0.37024,0.34855,1.77989,8.22735,2.2353,1.4716,4.2284,6.47027,15.01849,1.16025,0.19124,0.56025,0.88468,2.38342,1.22407,0.0,1.07485,0.61205,0.0
ST-30055-PW,PW:1188,32wk,Arm B,28.31722,1.98976,0.00062,2.8351,10.83065,1.43448,1.03675,2.38659,7.03691,7.78549,1.36916,3.59842,0.0,0.0,7.43779,4.00218,4.43658,4.26363,1.58938,0.0
ST-30056-PW,PW:1095,32wk,Arm D,47.39971,6.0806,12.00612,3.61766,1.48563,2.56884,0.73598,3.82131,2.02569,3.71601,1.25168,0.15096,0.0,0.95168,2.24443,2.66768,0.60586,0.16642,0.77965,0.3137
ST-30057-PW,PW:1058,32wk,Arm A,45.10251,0.29971,1.81918,6.37473,2.71327,3.70264,0.01548,4.19507,2.02733,14.38219,2.82371,0.29643,0.10898,1.57301,1.36848,2.3572,1.00436,0.30006,0.03687,0.0
ST-30058-PW,PW:1267,32wk,Arm C,4.40684,56.18156,5.75036,0.04774,1.78959,0.04661,0.0,1.10609,0.69373,0.02667,0.55892,0.0,0.0,0.0,0.49658,3.52677,5.01179,0.5139,1.1471,1.83601
ST-30059-PW,PW:1327,32wk,Arm C,20.76919,7.7163,5.38569,1.2379,3.43567,5.33803,2.62184,3.98541,3.70834,4.3454,3.8186,0.94113,18.59556,1.23724,1.24042,3.00122,0.60208,0.95629,0.01898,0.0
ST-30060-PW,PW:1227,32wk,Arm B,3.37019,13.07572,2.63106,7.18739,7.48069,5.64833,10.07072,7.44444,5.94975,6.72159,3.69464,0.99411,0.69005,2.09761,3.01356,0.02968,0.0,1.76626,0.95819,0.0
ST-30061-PW,PW:1127,32wk,Arm D,10.29363,30.62898,3.5462,0.43811,7.83878,1.1898,1.53755,1.72899,2.01536,3.81511,0.57373,2.47312,0.0,5.08416,1.43536,0.20481,1.96204,2.06681,0.37841,14.89764
ST-30062-PW,PW:1134,32wk,Arm D,69.28902,7.89886,6.4229,0.64499,3.26821,2.15532,0.16971,1.0179,0.44628,1.53404,0.22092,0.03129,0.13352,0.14622,0.53767,0.00656,0.05695,0.64812,0.0,0.57716
ST-30063-PW,PW:1165,32wk,Arm C,17.46091,27.45019,10.78163,0.07929,6.28259,7.14131,4.08396,3.46599,1.45968,3.62782,1.92889,1.62116,0.0,2.70597,2.4192,1.31269,2.02651,0.79397,0.53511,0.16949
ST-30064-PW,PW:1179,32wk,Arm C,24.19169,7.79736,0.03827,5.72637,4.15235,1.11127,3.6353,4.88665,8.41456,9.75116,2.36949,2.13556,0.0,10.3287,4.86741,0.81508,0.02318,1.31997,0.10307,0.0
ST-30065-PW,PW:1159,32wk,Arm C,38.1821,23.11595,2.08552,1.18043,5.37785,0.56905,2.87084,3.7594,1.88659,2.88167,2.2199,3.08879,0.0,2.01485,2.42695,0.29015,0.53786,0.48001,0.5294,0.01248
ST-30066-PW,PW:1163,32wk,Arm B,18.28908,33.08449,15.34634,0.89867,5.40173,0.4754,1.27451,2.05549,1.38359,3.86737,0.31574,0.54041,0.0039,1.67231,1.48494,6.24786,0.68762,1.60136,0.59791,1.58613
ST-30067-PW,PW:1224,32wk,Arm C,49.13618,0.30546,0.17284,0.22499,2.86333,12.67129,0.66338,4.00123,1.75235,2.26349,2.28415,0.00861,0.0,0.03205,0.7004,8.77717,0.16412,0.40868,0.09848,0.00635
ST-30068-PW,PW:1164,32wk,Arm A,27.84478,22.41883,7.66093,2.18087,5.71923,1.24154,0.64756,3.31971,3.50121,3.1311,4.20351,0.47809,0.94322,2.97591,1.38345,1.93691,0.05312,1.6049,0.59024,1.7235
ST-30069-PW,PW:1145,32wk,Arm C,25.81585,18.34313,10.11829,3.18314,3.19967,10.61325,2.90692,1.93539,1.99291,2.54903,0.67927,0.52208,1.1171,1.43482,0.63714,3.03842,0.77562,1.22414,1.85794,0.37624
ST-30070-PW,PW:1189,32wk,Arm C,57.07648,11.99668,22.41618,0.27039,0.0,0.0,0.0,0.00157,1.11199,0.0,0.62598,0.0,0.0,0.00401,0.0,0.0184,3.25,0.0,0.30466,0.0
ST-30071-PW,PW:1181,32wk,Arm A,24.20107,4.9368,1.25031,0.15348,10.97987,4.0911,3.87512,2.44471,4.05671,2.31779,1.02422,1.98553,0.36636,6.11194,2.05565,0.30607,4.52851,2.81654,1.50912,1.09991
ST-30072-PW,PW:1082,32wk,Arm A,59.91531,0.0,0.0,1.16005,0.59809,0.16971,0.07795,0.93463,1.36657,1.17492,0.47468,0.01363,23.78535,0.43018,0.23553,1.24478,0.0,0.19214,1.24607,0.07707
ST-30073-PW,PW:1056,32wk,Arm B,49.82347,4.4386,0.47731,1.53374,2.41266,3.83402,3.87929,5.40011,4.47751,2.06795,3.38393,1.43509,0.0,1.10761,5.11518,0.07644,0.81016,0.34338,0.0,0.0
ST-30074-PW,PW:1186,32wk,Arm C,9.81953,12.1404,0.80731,26.3794,5.69744,0.34152,3.78053,2.17377,1.68868,0.06457,4.44338,3.34567,4.34217,2.41614,1.70912,0.0,0.31453,0.43398,1.65247,0.42859
ST-30075-PW,PW:1241,32wk,Arm D,69.74687,1.56618,3.08587,1.61059,1.76205,0.53206,0.80736,1.49737,0.6545,1.49105,1.72285,0.32534,7.24999,2.25271,1.12084,0.16582,0.06313,0.87472,0.44244,0.18612
ST-30076-PW,PW:1193,32wk,Arm B,8.82615,40.26238,12.44829,0.28952,4.64548,1.9071,1.67817,2.94017,2.53474,1.62154,1.74617,3.78136,0.31843,3.61131,0.92233,1.21908,1.82633,1.68078,0.57716,2.29156
ST-30077-PW,PW:1078,32wk,Arm B,23.21834,26.46358,19.24295,2.85074,2.31646,1.20981,0.9309,4.45307,1.61035,1.59222,1.19891,0.0,0.0,2.65217,0.58893,1.11459,0.0,1.87006,0.02514,0.57032
ST-30078-PW,PW:1265,32wk,Arm A,11.35789,6.97388,8.8528,4.8352,6.96125,18.45036,5.87709,2.19405,1.912,6.25646,1.91693,2.78296,0.0,9.83368,2.23001,0.05979,0.17858,0.63458,1.89525,0.0
ST-30079-PW,PW:1216,32wk,Arm C,0.50423,43.41631,8.93666,1.67063,4.347,2.00188,2.60246,6.59186,2.18059,0.37466,2.71344,1.13915,0.0,0.0,3.46311,0.44538,0.02716,2.62212,0.42702,0.0
ST-30080-PW,PW:1359,32wk,Arm B,24.8339,5.23534,0.13761,25.10038,3.34435,3.15284,9.4033,2.76466,1.97097,1.67144,0.81956,1.91543,3.24251,0.91803,1.10436,0.06222,0.01899,0.41748,1.03488,0.80308
ST-30081-PW,PW:1357,32wk,Arm D,11.58285,5.09328,5.67144,13.85309,4.47435,3.37266,6.4033,2.39615,2.17832,2.74177,3.27827,5.60103,17.7957,1.75109,1.3392,0.43141,0.22552,1.07348,0.54116,0.15489
ST-30082-PW,PW:1435,32wk,Arm B,2.4774,15.83734,4.97642,3.95478,6.52242,2.23074,10.01703,12.56956,7.58606,3.36271,5.2189,1.95012,0.0,5.18715,2.72743,0.63169,0.69126,1.22618,0.2748,0.26555
ST-30083-PW,PW:1371,32wk,Arm D,0.0,25.46812,0.02764,0.0,0.05105,0.0,4.03427,3.90111,12.32676,1.63013,8.58803,2.83854,0.0,0.0,5.02793,1.22587,0.2025,3.82456,0.41297,0.0
ST-30084-PW,PW:1321,32wk,Arm D,61.26865,11.01042,5.66962,0.19195,3.86429,3.47024,1.86336,1.14047,0.9045,1.39107,0.68529,0.04761,0.38263,2.95805,0.87914,0.61557,0.0,0.51816,0.12722,0.13896
ST-30085-PW,PW:1185,32wk,Arm D,26.95838,7.00479,0.01685,14.58843,1.41137,10.02724,6.37814,3.32555,2.84279,7.9363,2.2227,0.41623,0.0,0.01918,3.82073,1.65896,0.10796,0.64101,0.11421,0.0
ST-30086-PW,PW:1411,32wk,Arm A,54.91228,7.64491,0.60076,0.66845,4.31809,7.99245,0.279,3.0547,3.55511,1.22852,3.14011,0.01896,0.69316,2.38216,1.72885,0.9969,0.14415,0.65118,0.00891,0.74484
ST-30087-PW,PW:1271,32wk,Arm D,60.42623,9.63489,0.31701,0.64869,1.90963,0.10605,0.52017,2.26108,0.81115,2.58165,0.56965,0.32872,0.0,1.46171,0.4934,0.29623,1.77643,0.09838,0.48746,0.01621
ST-30088-PW,PW:1213,32wk,Arm B,18.53701,12.4184,0.69297,8.68718,4.1461,0.49105,7.49581,5.46898,3.68149,5.83179,7.70973,0.63345,0.75928,1.7206,3.93531,2.13005,1.11259,0.74653,1.1706,0.0
ST-30089-PW,PW:1262,32wk,Arm C,10.81802,13.51569,0.04494,9.37807,0.37529,0.17595,6.28559,4.21244,1.19311,0.13882,0.64313,12.53927,0.0,3.63557,1.00321,0.0,0.10439,0.52498,6.03318,1.89261
ST-30090-PW,PW:1045,32wk,Arm D,4.11695,8.17844,0.30551,16.86166,2.19515,4.28764,10.92984,4.6161,4.97522,0.6536,5.06485,8.99073,9.95882,1.25116,1.02164,0.04136,0.24492,1.1121,4.82609,0.12978
ST-30091-PW,PW:1459,32wk,Arm C,4.43393,16.97755,0.20054,24.58299,3.96205,0.11814,7.67097,3.45123,1.88381,0.40802,1.95925,11.51394,0.0,1.00909,1.62746,0.0,0.14905,1.06303,0.19395,0.0
ST-30092-PW,PW:1380,32wk,Arm D,24.51075,18.40059,0.04502,0.45097,1.18408,2.57073,4.12984,2.46759,1.64679,1.69487,1.38856,0.04498,31.17514,2.61946,0.6486,0.02133,0.01835,1.56522,0.5573,0.44999
ST-30093-PW,PW:1342,32wk,Arm D,68.40109,2.36778,2.83289,0.49472,3.63896,4.10439,1.59187,1.70354,1.76753,1.43132,2.76569,0.06823,0.0,1.11857,1.04478,0.19473,0.12235,0.64221,0.13809,0.01341
ST-30094-PW,PW:1414,32wk,Arm D,38.07353,1.24382,0.35939,2.87305,3.17493,3.75429,2.70423,2.47331,2.85179,3.18281,0.95113,0.49243,2.13804,2.04551,0.45576,11.70945,4.57542,0.82262,0.17897,0.22475
ST-30095-PW,PW:1503,32wk,Arm C,8.38624,6.68174,0.30767,7.82799,4.20657,0.87156,2.91699,6.52386,4.52752,2.63756,1.88528,27.19272,0.0,0.06472,3.93258,0.01369,0.06129,0.27827,0.3413,0.0
ST-30096-PW,PW:1502,32wk,Arm D,56.81883,2.97411,2.12737,3.93773,2.49407,4.25479,0.21124,1.49468,1.50612,7.5694,1.5784,0.0,1.30527,1.84216,1.0598,2.48639,0.01893,0.41085,0.0,0.72482
ST-30097-PW,PW:1487,32wk,Arm B,41.77527,5.60361,0.07834,0.70801,8.77135,2.52139,2.2547,2.19001,2.71187,6.16912,1.97458,0.65595,11.47979,2.01618,3.57014,0.2292,0.0,0.93495,0.0,1.10328
ST-30098-PW,PW:1514,32wk,Arm B,15.00248,39.19987,10.91355,3.78896,2.55041,1.62845,4.82759,1.74379,1.20054,1.4401,0.68922,1.16362,0.02255,0.26279,0.79267,0.09926,0.14594,2.37832,0.10112,9.96514
ST-30099-PW,PW:1443,32wk,Arm B,2.47082,23.03924,3.9101,2.9828,7.64932,2.05473,9.13128,11.29968,7.48834,2.45776,4.07854,2.63019,0.0,5.21918,2.36291,0.48927,0.82982,1.36032,0.29384,0.34063
ST-30100-PW,PW:1409,32wk,Arm C,58.86584,8.13184,5.88136,1.08577,2.49748,4.62771,0.3867,2.44874,2.55242,1.09502,0.47316,0.04675,0.0,1.40712,0.98784,3.82703,0.0,0.9936,0.219,1.14058
ST-30101-PW,PW:1577,32wk,Arm D,0.68137,73.83686,10.31348,1.52892,0.11546,0.16098,1.38544,0.72969,0.17164,0.01342,0.87275,0.94134,0.0,0.87956,0.24983,0.11294,0.0,0.37473,0.0,4.33812
ST-30102-PW,PW:1511,32wk,Arm D,25.53912,18.74155,1.76927,3.24199,7.89495,0.58019,7.96521,2.31567,2.71243,1.89491,3.08211,1.73075,6.20094,0.00634,0.92431,1.02468,0.0,2.54959,0.38197,0.33913
ST-30103-PW,PW:1504,32wk,Arm D,39.29477,5.81767,2.24691,1.61288,1.47408,0.05119,3.78802,2.01824,4.01946,2.82926,1.46034,0.22551,0.0,1.78507,1.58103,6.19578,0.73008,0.60759,0.05795,0.35612
ST-30104-PW,PW:1538,32wk,Arm D,60.87843,0.55231,0.41149,0.58801,3.0481,7.41095,0.50568,1.85629,0.80057,2.91904,1.17763,0.0,6.34704,1.87548,0.61218,0.0,0.31318,0.56535,0.45292,0.0
ST-30105-PW,PW:1515,32wk,Arm B,42.98694,22.40197,2.18406,1.62497,3.28922,5.06251,1.36113,1.86192,1.17594,2.5807,0.69996,0.09975,0.0,3.58735,0.53018,1.31607,0.42787,0.99641,0.30478,0.18991
ST-30106-PW,PW:1463,32wk,Arm A,10.37989,6.2423,0.96308,7.30008,3.20277,1.1879,19.2414,12.9631,2.2691,0.59599,5.33356,3.78113,0.0,3.0564,3.98515,0.04911,0.0165,2.66206,0.29986,0.0
ST-30107-PW,PW:1458,32wk,Arm D,45.68987,15.92949,7.62524,0.09791,1.42785,3.04344,0.53749,1.88971,1.92809,2.96747,0.92484,0.08626,0.0,0.15163,0.48666,0.04775,4.23304,2.20676,4.37537,0.34357
ST-30108-PW,PW:1081,32wk,Arm D,8.48157,15.04181,0.88278,2.21851,1.50812,0.88467,16.40088,6.3762,1.38736,0.47356,1.69726,3.28153,1.37109,2.41819,2.22865,1.22445,0.00983,0.35492,2.30589,2.07535
ST-30109-PW,PW:1593,32wk,Arm C,7.90881,2.69591,1.63859,5.35394,5.40414,2.15121,21.36973,7.6116,10.72259,5.25945,3.28108,3.07608,0.0,5.45231,1.88185,0.42662,0.45575,1.76762,0.8346,0.0
ST-30110-PW,PW:1507,32wk,Arm A,23.3045,23.37464,0.75325,4.93463,5.73914,1.18127,3.51791,2.88904,2.8259,5.17462,3.16002,2.57479,0.21629,3.73453,2.03269,1.12648,0.0,1.44635,0.69637,0.1188
ST-30111-PW,PW:1495,32wk,Arm A,46.27506,14.62663,0.44642,3.14993,3.29965,0.63395,5.4756,2.47951,1.00155,4.92805,0.89976,0.70083,1.0165,3.31298,1.1959,0.30328,0.50559,0.6096,0.83947,1.80835
ST-30112-PW,PW:1492,32wk,Arm C,55.24446,5.30969,6.80345,2.18247,4.10537,2.20547,1.16601,2.34495,2.25919,8.88972,2.1343,0.05204,0.0,0.97543,1.28737,1.43444,0.07735,1.20952,0.14405,0.0
ST-30113-PW,PW:1592,32wk,Arm A,2.13654,38.83076,6.17475,5.82225,1.63564,0.91149,3.38173,4.78922,3.82965,0.627,2.94212,2.75396,0.0,3.28905,1.46194,0.00228,0.23523,4.26731,0.33392,9.13207
ST-30114-PW,PW:1526,32wk,Arm A,74.70075,5.10249,1.26193,3.75291,2.01243,1.70355,0.01913,0.78735,0.25334,1.42743,0.05923,0.0,0.0,2.99446,0.08302,0.00659,0.0,0.22446,0.11477,0.80893
ST-30115-PW,PW:1512,32wk,Arm A,20.87233,7.35504,0.14104,13.67366,2.59653,0.11803,12.18051,1.50248,3.58666,0.96056,1.8683,6.4829,1.43111,2.59046,0.7046,0.00778,0.75338,1.24907,2.20021,0.30425
ST-30116-PW,PW:1500,32wk,Arm D,35.6568,21.32471,5.50928,3.26348,3.73486,3.48488,1.0511,2.11031,1.07938,2.32992,0.64041,2.60291,4.19854,2.49279,0.9763,0.61327,0.98722,1.32228,0.3035,1.11209
ST-30117-PW,PW:1506,32wk,Arm C,44.60859,7.14349,2.63497,2.35332,3.5931,2.46074,3.74146,5.43785,4.85358,4.5079,3.72247,0.70411,0.0,2.77049,1.61074,3.61275,0.27072,0.41003,0.26424,0.04894
ST-30118-PW,PW:1508,32wk,Arm C,65.41052,2.91045,0.00118,0.47689,3.04574,8.96464,0.10891,2.16148,2.55259,5.82301,0.69409,0.01839,0.0,1.20468,0.95639,0.01493,0.09879,0.85086,0.0,0.29715
ST-30119-PW,PW:1517,32wk,Arm A,5.51314,18.73358,0.01178,5.24553,5.33985,4.13058,8.15803,4.31257,6.75196,2.2372,0.91744,4.0527,0.44792,5.79625,1.63378,0.07569,0.35798,0.99781,8.03381,0.27437
ST-30120-PW,PW:1524,32wk,Arm B,67.79961,8.58198,6.73923,0.50834,1.69394,2.77679,0.0664,1.2305,1.02247,3.74775,0.61668,0.01398,0.0,0.86303,0.42354,0.04641,0.0,0.1269,0.11852,0.0
ST-30121-PW,PW:1570,32wk,Arm B,9.36003,31.77934,5.35443,4.59386,3.90631,6.44639,1.18966,5.44304,7.04838,1.96887,1.84283,3.24485,0.0,3.49461,1.32449,0.0893,0.0,2.16793,0.17143,1.1534
ST-30122-PW,PW:1528,32wk,Arm D,40.42565,1.04409,1.20741,3.27849,4.65273,16.57439,0.25586,2.31345,9.23678,2.42864,1.72308,0.01491,4.76184,2.33634,1.13435,1.34872,0.23384,0.7244,0.11125,0.0
ST-30123-PW,PW:1585,32wk,Arm D,10.42909,14.74465,9.26601,1.74382,6.10217,11.96372,1.7234,9.21632,5.5507,4.42529,3.52072,1.24563,0.81611,3.27371,2.98906,0.16297,2.91884,2.43062,0.04686,0.51282
ST-30124-PW,PW:1496,32wk,Arm B,44.41609,22.46258,4.29965,0.7634,4.81242,0.97454,0.26192,3.09574,2.82762,2.73937,1.10072,0.0247,0.0,3.04905,0.60943,0.14452,0.10724,2.38091,0.17152,1.83275
ST-30125-PW,PW:1582,32wk,Arm A,29.82838,25.84481,0.35686,2.57095,5.11334,4.27195,2.3494,5.45326,2.81758,7.51765,1.7583,1.29646,0.03749,2.80575,1.55595,0.42819,0.34665,0.61892,0.26742,0.30431
ST-30126-PW,PW:1523,32wk,Arm D,28.54201,22.12001,3.57688,4.07158,3.75117,0.92261,2.35541,2.1917,2.16738,6.80157,3.02388,1.59386,0.13749,3.30947,1.48698,0.07633,0.26376,0.82261,1.82605,0.25189
ST-30127-PW,PW:1525,32wk,Arm B,38.54858,6.68474,10.93516,1.55004,5.32597,9.61526,3.15766,3.90945,6.21062,2.1203,1.60086,0.42812,0.62839,2.12203,0.83476,1.51102,0.0,0.69115,0.13743,0.0
ST-30129-PW,PW:1596,32wk,Arm C,4.24329,33.14811,17.60412,15.61525,5.27479,0.18553,1.87587,3.19038,1.88397,0.30571,1.46469,1.24379,0.0,2.60782,1.77388,0.0349,0.15255,4.1422,0.18351,0.0
ST-30130-PW,PW:1621,32wk,Arm D,24.74374,4.58892,0.20794,1.71956,8.01271,1.74892,0.88592,2.77469,24.31484,9.74678,6.15697,1.26374,0.0,0.88082,2.33081,0.03714,0.0,1.34776,0.0681,0.0
ST-30131-PW,PW:1614,32wk,Arm A,12.81958,35.87244,23.48402,0.6698,6.94927,3.41136,0.25772,2.89833,2.21868,0.87421,2.32228,0.18549,0.0,1.95934,1.20769,0.57416,0.01216,0.31107,0.00164,0.32365
ST-30132-PW,PW:1622,32wk,Arm B,2.7199,26.94121,1.78213,0.59148,7.02914,31.45984,0.9421,5.41397,4.2958,0.78457,1.33394,0.56472,6.77343,1.18201,0.0,0.0,0.0,0.4222,0.46553,0.0
ST-30133-PW,PW:1565,32wk,Arm C,15.24034,30.61329,18.93887,0.69317,2.5449,2.25219,0.18558,3.4618,0.50089,0.36339,0.05129,0.0,0.0,3.55229,0.33679,0.38309,0.0161,1.63562,0.00167,17.49866
ST-30134-PW,PW:1539,32wk,Arm C,2.1146,85.25835,0.00087,0.00448,0.0,0.0,0.0,0.0,0.0,0.0,0.0,0.0,0.0,0.0,0.0,0.17803,11.95458,0.0,0.0371,0.0
ST-30135-PW,PW:1625,32wk,Arm A,2.14247,11.03506,0.01239,4.47418,9.12743,0.96127,6.37495,10.30873,22.496,5.6931,3.29528,2.92785,0.3032,2.02173,2.15672,0.1826,0.06858,1.15428,0.41125,0.0
ST-30136-PW,PW:1599,32wk,Arm B,6.14211,46.32557,24.33072,0.02068,2.79483,2.80737,0.18208,1.90941,1.67722,1.28323,1.15289,0.16131,0.13147,1.78607,0.48836,0.20804,0.4751,0.77913,0.02974,3.13162
ST-30137-PW,PW:1635,32wk,Arm A,20.11438,36.65177,3.53779,1.36387,4.3271,2.95102,1.03835,2.65032,2.87238,3.04605,1.3447,1.28477,2.67648,1.94786,1.25923,0.89006,4.61777,2.03927,0.36192,0.82048
ST-30138-PW,PW:1636,32wk,Arm C,3.52943,24.34419,1.77065,6.66987,2.34972,0.47803,4.16049,11.02502,3.78165,0.87148,3.35556,12.06911,0.0,8.18419,2.67977,0.07852,0.08387,6.46166,0.2962,0.77387
ST-30139-PW,PW:1581,32wk,Arm A,47.34229,23.00653,7.17311,0.38363,2.01481,3.39397,1.13295,1.16493,0.76124,1.21972,0.60287,0.73416,0.55939,2.83231,0.2789,0.07329,0.47006,1.25269,0.78468,0.99099
ST-30140-PW,PW:1567,32wk,Arm D,43.98271,11.69166,2.05627,2.54078,5.37978,0.36148,2.68092,3.18047,3.86157,3.7816,3.49293,1.0533,1.70164,1.58375,1.329,5.59195,0.0,0.20351,0.63584,1.06387
ST-30141-PW,PW:1572,32wk,Arm B,47.28183,14.02231,18.34201,5.24232,1.15284,1.9334,0.53961,1.17198,0.78764,1.8877,0.35374,0.27737,0.73594,1.08156,0.21631,0.66319,0.07018,0.38534,0.17847,0.24445
ST-30142-PW,PW:1578,32wk,Arm C,1.25067,38.78765,0.07839,4.24689,4.03368,18.82533,0.58361,8.14127,5.17158,1.19437,1.84131,0.94978,0.0,0.0,1.93501,0.0,0.0,4.18475,0.0,0.0
ST-30143-PW,PW:1649,32wk,Arm C,10.20577,7.08684,4.51873,0.23288,4.83445,7.51607,1.17614,3.16098,3.94495,1.15772,0.83792,0.22921,0.0,0.85062,1.57475,42.81648,0.29412,1.00716,0.06979,1.34682
ST-30145-PW,PW:1661,32wk,Arm B,27.58415,41.41338,6.7743,0.0989,4.44889,0.4225,0.33305,1.00991,0.59826,1.28294,0.53443,1.38074,1.48844,7.01611,0.36032,0.07055,0.96467,2.05936,0.26298,0.28117
ST-30146-PW,PW:1629,32wk,Arm C,13.13253,5.89874,0.00474,5.80595,6.82452,1.82897,2.37445,10.6834,6.7653,5.77289,5.96361,3.23054,0.0,0.0,9.07452,0.06838,0.00835,0.94972,0.44255,0.0
ST-30147-PW,PW:1662,32wk,Arm A,25.17443,41.10684,2.55536,0.13219,9.24098,2.73538,0.64149,2.27169,0.91679,0.57658,0.0,3.44956,0.0,5.8627,0.0,0.0,0.0,3.46453,0.05016,0.66086
ST-30148-PW,PW:1654,32wk,Arm A,33.75048,16.48834,0.48215,0.31967,6.31044,11.56206,1.32469,5.02121,5.7266,2.58193,2.04081,0.1975,0.0,1.03598,0.53525,0.02663,0.76281,1.59957,3.03315,0.0
ST-30150-PW,PW:1667,32wk,Arm C,9.70898,41.09616,0.0,11.99575,6.13166,0.975,8.20284,5.66983,4.38968,1.34881,1.24309,0.25293,0.0,2.72683,0.93198,0.0,0.0,0.8536,0.0,0.13849
ST-30151-PW,PW:1660,32wk,Arm D,41.64241,23.92365,3.08126,0.17632,2.83436,0.8532,0.04311,0.7399,0.93803,1.25581,0.44934,0.20486,0.7091,0.61159,0.29766,2.37122,5.26155,2.26864,0.16594,0.07672
ST-30152-PW,PW:1709,32wk,Arm C,16.63744,31.79203,2.87934,3.28993,6.25874,5.3378,2.8796,5.63577,3.64025,4.86477,1.8264,0.86805,0.0,2.75189,1.80762,0.27648,0.0,0.5139,0.05625,1.04049
ST-30153-PW,PW:1762,19wk,Arm A,51.0259,1.86832,0.32855,8.47677,2.95162,3.70055,1.59108,2.83934,0.95739,3.97045,3.1062,0.8881,3.88735,2.32322,1.04206,0.06466,0.0,0.31543,1.21152,0.17791
ST-30157-PW,PW:1643,32wk,Arm A,22.22114,11.76482,12.92938,0.99555,4.03695,18.30179,0.3401,2.45333,3.53415,6.85306,1.42857,0.02868,4.98686,1.32929,0.48783,0.01191,0.2624,1.92596,0.09087,1.97895
ST-30159-PW,PW:1873,19wk,Arm C,25.2784,34.51481,0.94017,2.14398,1.77718,0.07661,7.02717,2.85301,0.82111,0.91249,1.54777,6.68035,0.0,1.49982,0.19711,0.01651,0.13536,1.24349,0.99538,5.40131
ST-30160-PW,PW:1786,32wk,Arm C,57.41853,2.20624,9.86167,2.73668,3.89551,2.98236,1.19892,1.83313,0.47713,5.5331,1.77208,0.04158,0.0,1.41923,0.88735,0.14753,0.00175,0.77327,0.01222,0.0
ST-30161-PW,PW:1723,32wk,Arm C,49.69231,3.05619,9.81038,11.31112,1.61714,2.80933,0.31846,2.29504,1.6244,0.41823,0.6754,0.0,0.3231,0.56777,0.20518,1.48757,1.2464,0.62259,0.02635,0.48617
ST-30162-PW,PW:1650,32wk,Arm A,46.32933,1.13743,6.35027,0.49784,0.45283,0.36598,0.17273,0.67168,0.28001,1.46013,0.16513,0.0,9.15547,1.89907,0.02135,22.40707,2.40767,0.1015,0.03484,0.76129
ST-30163-PW,PW:1708,32wk,Arm A,9.0558,39.6715,13.13918,0.86535,8.00748,3.4428,3.11848,1.84551,1.8408,6.54978,2.70571,0.71385,0.0,0.0,1.14019,0.79949,0.60656,0.24608,1.94152,0.0
ST-30164-PW,PW:1641,32wk,Arm C,54.15229,11.48923,8.67545,0.04779,2.00035,2.58209,1.85995,0.63755,1.92112,0.5264,1.37929,0.10721,0.0,0.60867,0.19793,1.78178,1.42423,5.93309,0.0,0.76052
ST-30165-PW,PW:1749,32wk,Arm B,23.87188,19.66558,1.21856,0.97285,4.61698,0.97486,1.57803,1.83295,7.9902,3.01117,3.37307,1.41806,9.99618,3.07702,2.34953,0.90446,0.17621,1.18109,2.1653,0.23017
ST-30166-PW,PW:1658,32wk,Arm B,62.21286,4.5007,0.2774,0.24342,2.68917,0.26445,0.0,1.82487,0.16687,0.50964,0.21492,0.0,10.134,1.61019,0.0,0.26434,0.65836,0.62581,0.06953,1.15162
ST-30169-PW,PW:1651,32wk,Arm D,49.72095,11.96357,14.15747,1.53059,1.28709,2.70837,0.30895,1.83316,2.32498,0.89798,0.37195,0.0,2.65026,0.9318,0.24203,0.82674,1.51496,0.93131,0.0,1.10439
ST-30171-PW,PW:1640,32wk,Arm D,79.63398,8.03206,0.0,0.15938,2.75594,0.03218,0.0,0.6671,0.21979,0.0,0.21747,0.45082,0.70266,3.06395,0.25638,0.0,0.09674,0.22767,0.13249,0.04965
ST-30172-PW,PW:1763,32wk,Arm B,7.79905,4.22849,1.21619,8.38207,13.8174,0.84243,10.90702,7.08306,6.82605,1.60531,6.03771,1.9873,1.70878,4.7373,4.25886,0.14005,0.29956,1.29066,0.0222,1.1685
ST-30173-PW,PW:1716,32wk,Arm B,42.98252,28.17707,15.13496,1.11364,1.89955,1.39155,0.11232,0.22424,0.50837,0.39608,0.23639,0.28951,1.0332,1.20249,0.02378,0.3373,0.1426,0.59713,0.1052,1.97077
ST-30174-PW,PW:1717,32wk,Arm D,16.28741,7.31766,1.70127,3.56867,11.66931,0.73526,1.98019,2.77145,6.3178,2.16023,3.71659,7.05078,1.20847,5.19122,2.81307,1.12282,1.49287,2.72959,1.01953,2.94293
ST-30175-PW,PW:1725,32wk,Arm B,56.93707,9.99123,0.24565,0.81677,5.3649,1.80666,1.31347,3.48258,2.92594,1.62136,2.0114,0.92547,0.6228,1.13932,1.12976,0.17534,0.0627,0.82494,1.07692,0.0
ST-30176-PW,PW:1740,19wk,Arm B,11.99478,3.4419,0.26339,0.05626,0.55387,0.03756,0.0,0.56463,1.3978,1.02297,0.34015,0.0,0.0,0.0,0.13092,0.8627,1.08619,0.58575,0.0,0.0
ST-30177-PW,PW:1823,32wk,Arm A,25.71944,0.98027,0.07879,5.21054,4.5684,4.5557,0.75886,3.74475,1.65518,3.61977,1.12063,0.50402,1.69255,2.3567,0.69178,0.48626,4.15848,0.41984,0.77545,0.4186
ST-30179-PW,PW:1683,32wk,Arm C,10.71237,20.11252,0.0,5.56929,12.82594,0.56638,7.97031,3.20371,1.07495,2.40241,0.99951,8.99718,0.0,5.82513,0.49927,0.0,0.52751,5.89034,0.24696,1.52361
ST-30180-PW,PW:1777,32wk,Arm A,6.6954,2.12042,8.2613,1.91635,5.71248,0.43654,1.09502,2.30415,1.39347,1.58365,0.93858,2.71864,6.68944,0.00132,0.25087,12.40224,9.225,0.18119,0.65091,0.01868
ST-30181-PW,PW:1756,32wk,Arm B,15.17795,2.09075,0.0,2.17682,5.81806,16.33371,8.79442,1.66394,8.71398,5.344,4.35481,0.77995,0.47073,1.12039,5.63186,0.13678,4.74321,0.45557,0.2271,0.0
ST-30182-PW,PW:1726,19wk,Arm C,13.14031,3.63675,3.97888,13.12142,4.37069,0.95077,5.32423,7.31554,4.15752,2.62864,7.0704,4.9768,0.0,2.65866,7.54015,0.0244,0.13671,1.50694,1.6936,0.0
ST-30183-PW,PW:1735,19wk,Arm C,43.65668,7.30617,0.09248,14.12331,6.87338,0.00204,2.16698,3.1212,1.0595,0.85774,0.50998,6.3242,0.00536,1.02635,0.16015,0.12162,0.25277,0.56914,0.96662,1.31683
ST-30184-PW,PW:1744,32wk,Arm C,8.44417,22.33158,0.04491,7.17261,1.80357,2.53741,12.7755,4.83859,2.94967,2.53387,9.82217,9.12977,0.0,0.13931,1.13699,0.12502,0.30975,0.96368,1.59045,3.02429
ST-30185-PW,PW:1906,19wk,Arm D,0.00137,15.96097,8.93847,2.86953,3.84564,14.89266,15.91844,1.92355,6.13039,6.01305,2.38878,1.14389,0.0,1.2675,2.02208,1.05528,0.29928,1.21531,2.03324,0.14252
ST-30186-PW,PW:1909,32wk,Arm A,2.5527,34.86046,11.24204,4.70447,3.55526,0.722,7.03002,5.21485,3.19975,2.85289,2.68209,4.49969,1.03081,1.30987,0.93777,0.03369,1.57032,1.65903,0.53767,1.38078
ST-30187-PW,PW:1790,19wk,Arm C,42.85329,15.23899,6.69308,0.48618,3.16156,6.43345,1.05618,4.71984,1.47591,2.36719,2.91961,0.24631,0.0,1.66291,2.95089,0.1759,0.16127,1.85922,0.2161,1.62858
ST-30188-PW,PW:1855,32wk,Arm A,0.54396,9.55344,10.02674,5.1211,6.75631,0.06058,9.51032,5.15058,1.91807,0.02301,0.0342,2.49517,0.0,0.00427,0.32328,0.73189,0.4947,1.08827,30.67942,0.55951
ST-30189-PW,PW:1771,32wk,Arm A,47.56896,8.13278,6.03701,3.97491,1.74899,10.86461,0.3411,2.94111,1.39717,3.43397,1.96716,0.0,0.0,0.60196,1.10678,0.82044,0.06326,0.58576,0.0,0.0
ST-30190-PW,PW:1779,32wk,Arm B,14.32701,53.69143,0.64558,2.65188,3.18681,6.4908,0.73787,4.40324,2.32156,1.42432,0.80692,0.46395,0.01869,1.59275,1.13977,0.0885,0.02709,0.94653,0.16932,0.72146
ST-30191-PW,PW:1849,32wk,Arm A,24.4804,17.09893,3.10615,19.72173,4.34526,1.15544,0.74051,2.11952,1.96019,3.36514,2.29603,0.83749,0.017,1.26921,0.94803,0.10557,2.08593,1.07635,1.44862,0.00036
ST-30192-PW,PW:1764,32wk,Arm A,26.54936,1.58305,2.78567,23.02217,3.38051,4.07403,0.02672,1.49422,2.65895,5.87091,4.55766,0.1297,16.35382,2.67892,0.50007,0.0909,0.06663,0.56196,0.20188,0.07787
ST-30193-PW,PW:1770,32wk,Arm C,24.58099,29.76511,6.65403,1.45321,3.05496,0.13638,6.96679,6.50958,2.10173,2.37399,2.77577,0.46671,0.0,0.0,1.29335,0.09457,0.53353,0.60092,0.41608,0.0
ST-30194-PW,PW:1804,32wk,Arm D,13.2969,10.52307,2.54189,11.17255,6.01825,7.36056,2.91144,3.40903,2.09877,2.92499,2.14799,9.95448,1.41386,3.01762,1.91185,0.11679,2.83608,0.53951,1.35126,1.7823
ST-30195-PW,PW:1808,32wk,Arm B,1.33865,17.0327,1.2523,14.88584,1.91672,0.34757,19.42268,3.75076,0.99401,0.4673,2.48761,5.5628,0.12899,1.21747,1.76797,0.03796,0.701,0.73882,1.90765,1.26623
ST-30196-PW,PW:1801,32wk,Arm B,32.3165,9.12946,6.71925,21.3663,2.07223,1.09243,0.96034,2.7737,1.64309,3.94815,2.17501,0.29657,0.0587,1.6035,0.68679,0.46866,0.44506,0.63021,0.72955,4.31458
ST-30197-PW,PW:1893,19wk,Arm A,42.42483,0.18478,0.0,1.25817,3.22073,3.99656,2.40013,0.53435,3.87882,4.1541,4.38681,0.18584,0.0,0.50376,3.43746,0.50912,12.96218,0.89164,2.14164,0.0
ST-30198-PW,PW:1788,32wk,Arm A,21.94142,5.7214,0.33374,7.30599,7.32854,3.49697,2.02609,3.87189,2.74931,2.14343,0.51153,3.85364,2.76982,0.00382,0.73715,2.23066,12.55011,0.14105,0.75946,2.53471
ST-30199-PW,PW:1876,32wk,Arm A,7.73964,14.27902,0.05887,13.43487,2.83634,1.81216,8.76129,3.82299,1.62478,2.17347,5.68029,3.82066,15.91356,1.25908,2.4595,0.13867,0.01034,0.47795,3.85744,0.10904
ST-30200-PW,PW:1809,19wk,Arm A,65.75034,4.65944,0.15768,0.29518,1.57923,0.06079,0.13075,1.64881,3.27594,2.46878,0.09066,0.00965,2.30546,2.25273,0.21947,0.73147,6.16488,0.34851,0.0793,0.1538
ST-30201-PW,PW:1907,19wk,Arm B,36.97336,1.09327,0.07309,10.15969,6.39402,1.29441,6.60857,4.6986,4.84109,4.12508,4.77599,4.14542,0.0,0.53009,2.01969,1.63189,0.0,2.46743,0.59506,0.0
ST-30202-PW,PW:1904,32wk,Arm B,6.81865,34.87749,6.11602,2.23361,4.9843,5.17558,3.10907,3.59271,5.27282,2.10498,2.5795,1.86966,0.01648,3.03774,0.58424,0.04586,1.73304,0.6625,5.10573,0.89577
ST-30203-PW,PW:1852,32wk,Arm A,9.72361,8.02453,2.77492,7.9945,6.49981,2.93436,9.77903,2.96234,2.1907,5.5346,9.11093,1.40046,0.0,0.25612,1.28459,4.88401,0.8308,1.10534,10.0766,0.18984
ST-30204-PW,PW:1822,32wk,Arm B,16.76445,16.34568,0.0,15.43352,1.67956,0.24382,5.11164,3.35896,3.40528,0.84746,1.70666,6.4302,0.0,0.09426,1.09298,0.3116,0.61881,0.38332,0.97939,0.07643
ST-30205-PW,PW:1874,19wk,Arm B,40.56457,1.26583,0.31579,6.90295,2.63015,4.54755,0.08691,2.73793,8.39084,4.9403,0.52343,0.43462,0.10781,0.89489,1.4141,0.66319,0.71828,0.64177,0.20573,0.00885
ST-30206-PW,PW:1902,32wk,Arm A,23.36643,15.25538,3.29204,10.34954,1.67644,0.15547,16.10557,2.77922,1.94804,2.08756,2.16274,2.40422,6.40317,1.42304,0.35014,0.22714,0.1547,1.04987,0.84237,0.80575
ST-30207-PW,PW:1890,32wk,Arm A,65.62712,1.78027,3.40644,0.68074,0.781,0.58237,0.28392,0.96356,0.43491,1.32099,0.31695,0.17276,11.98047,1.28591,0.28187,4.84658,0.78233,0.45366,0.62445,0.21025
ST-30208-PW,PW:1899,32wk,Arm A,30.81313,1.99648,0.87892,3.19435,4.33633,5.6615,2.20914,7.23549,2.22628,17.83117,2.33857,0.62574,0.22435,2.81396,3.39272,0.91578,2.97664,0.39267,1.2428,1.19568
